raceId,year,round,circuitId,racename,date,time,circuitname ,city,country
1,2009,1,1,Australian Grand Prix,29/03/2009,6:00:00,Albert Park Grand Prix Circuit,Melbourne,Australia
2,2009,2,2,Malaysian Grand Prix,05/04/2009,9:00:00,Sepang International Circuit,Kuala Lumpur,Malaysia
3,2009,3,17,Chinese Grand Prix,19/04/2009,7:00:00,Shanghai International Circuit,Shanghai,China
4,2009,4,3,Bahrain Grand Prix,26/04/2009,12:00:00,Bahrain International Circuit,Sakhir,Bahrain
5,2009,5,4,Spanish Grand Prix,10/05/2009,12:00:00,Circuit de Barcelona-Catalunya,Montmeló,Spain
6,2009,6,6,Monaco Grand Prix,24/05/2009,12:00:00,Circuit de Monaco,Monte-Carlo,Monaco
7,2009,7,5,Turkish Grand Prix,07/06/2009,12:00:00,Istanbul Park,Istanbul,Turkey
8,2009,8,9,British Grand Prix,21/06/2009,12:00:00,Silverstone Circuit,Silverstone,UK
9,2009,9,20,German Grand Prix,12/07/2009,12:00:00,Nürburgring,Nürburg,Germany
10,2009,10,11,Hungarian Grand Prix,26/07/2009,12:00:00,Hungaroring,Budapest,Hungary
11,2009,11,12,European Grand Prix,23/08/2009,12:00:00,Valencia Street Circuit,Valencia,Spain
12,2009,12,13,Belgian Grand Prix,30/08/2009,12:00:00,Circuit de Spa-Francorchamps,Spa,Belgium
13,2009,13,14,Italian Grand Prix,13/09/2009,12:00:00,Autodromo Nazionale di Monza,Monza,Italy
14,2009,14,15,Singapore Grand Prix,27/09/2009,12:00:00,Marina Bay Street Circuit,Marina Bay,Singapore
15,2009,15,22,Japanese Grand Prix,04/10/2009,5:00:00,Suzuka Circuit,Suzuka,Japan
16,2009,16,18,Brazilian Grand Prix,18/10/2009,16:00:00,Autódromo José Carlos Pace,São Paulo,Brazil
17,2009,17,24,Abu Dhabi Grand Prix,01/11/2009,11:00:00,Yas Marina Circuit,Abu Dhabi,UAE
18,2008,1,1,Australian Grand Prix,16/03/2008,4:30:00,Albert Park Grand Prix Circuit,Melbourne,Australia
19,2008,2,2,Malaysian Grand Prix,23/03/2008,7:00:00,Sepang International Circuit,Kuala Lumpur,Malaysia
20,2008,3,3,Bahrain Grand Prix,06/04/2008,11:30:00,Bahrain International Circuit,Sakhir,Bahrain
21,2008,4,4,Spanish Grand Prix,27/04/2008,12:00:00,Circuit de Barcelona-Catalunya,Montmeló,Spain
22,2008,5,5,Turkish Grand Prix,11/05/2008,12:00:00,Istanbul Park,Istanbul,Turkey
23,2008,6,6,Monaco Grand Prix,25/05/2008,12:00:00,Circuit de Monaco,Monte-Carlo,Monaco
24,2008,7,7,Canadian Grand Prix,08/06/2008,17:00:00,Circuit Gilles Villeneuve,Montreal,Canada
25,2008,8,8,French Grand Prix,22/06/2008,12:00:00,Circuit de Nevers Magny-Cours,Magny Cours,France
26,2008,9,9,British Grand Prix,06/07/2008,12:00:00,Silverstone Circuit,Silverstone,UK
27,2008,10,10,German Grand Prix,20/07/2008,12:00:00,Hockenheimring,Hockenheim,Germany
28,2008,11,11,Hungarian Grand Prix,03/08/2008,12:00:00,Hungaroring,Budapest,Hungary
29,2008,12,12,European Grand Prix,24/08/2008,12:00:00,Valencia Street Circuit,Valencia,Spain
30,2008,13,13,Belgian Grand Prix,07/09/2008,12:00:00,Circuit de Spa-Francorchamps,Spa,Belgium
31,2008,14,14,Italian Grand Prix,14/09/2008,12:00:00,Autodromo Nazionale di Monza,Monza,Italy
32,2008,15,15,Singapore Grand Prix,28/09/2008,12:00:00,Marina Bay Street Circuit,Marina Bay,Singapore
33,2008,16,16,Japanese Grand Prix,12/10/2008,4:30:00,Fuji Speedway,Oyama,Japan
34,2008,17,17,Chinese Grand Prix,19/10/2008,7:00:00,Shanghai International Circuit,Shanghai,China
35,2008,18,18,Brazilian Grand Prix,02/11/2008,17:00:00,Autódromo José Carlos Pace,São Paulo,Brazil
36,2007,1,1,Australian Grand Prix,18/03/2007,3:00:00,Albert Park Grand Prix Circuit,Melbourne,Australia
37,2007,2,2,Malaysian Grand Prix,08/04/2007,7:00:00,Sepang International Circuit,Kuala Lumpur,Malaysia
38,2007,3,3,Bahrain Grand Prix,15/04/2007,11:30:00,Bahrain International Circuit,Sakhir,Bahrain
39,2007,4,4,Spanish Grand Prix,13/05/2007,12:00:00,Circuit de Barcelona-Catalunya,Montmeló,Spain
40,2007,5,6,Monaco Grand Prix,27/05/2007,12:00:00,Circuit de Monaco,Monte-Carlo,Monaco
41,2007,6,7,Canadian Grand Prix,10/06/2007,17:00:00,Circuit Gilles Villeneuve,Montreal,Canada
42,2007,7,19,United States Grand Prix,17/06/2007,17:00:00,Indianapolis Motor Speedway,Indianapolis,USA
43,2007,8,8,French Grand Prix,01/07/2007,12:00:00,Circuit de Nevers Magny-Cours,Magny Cours,France
44,2007,9,9,British Grand Prix,08/07/2007,12:00:00,Silverstone Circuit,Silverstone,UK
45,2007,10,20,European Grand Prix,22/07/2007,12:00:00,Nürburgring,Nürburg,Germany
46,2007,11,11,Hungarian Grand Prix,05/08/2007,12:00:00,Hungaroring,Budapest,Hungary
47,2007,12,5,Turkish Grand Prix,26/08/2007,12:00:00,Istanbul Park,Istanbul,Turkey
48,2007,13,14,Italian Grand Prix,09/09/2007,12:00:00,Autodromo Nazionale di Monza,Monza,Italy
49,2007,14,13,Belgian Grand Prix,16/09/2007,12:00:00,Circuit de Spa-Francorchamps,Spa,Belgium
50,2007,15,16,Japanese Grand Prix,30/09/2007,4:30:00,Fuji Speedway,Oyama,Japan
51,2007,16,17,Chinese Grand Prix,07/10/2007,6:00:00,Shanghai International Circuit,Shanghai,China
52,2007,17,18,Brazilian Grand Prix,21/10/2007,16:00:00,Autódromo José Carlos Pace,São Paulo,Brazil
53,2006,1,3,Bahrain Grand Prix,12/03/2006,14:30:00,Bahrain International Circuit,Sakhir,Bahrain
54,2006,2,2,Malaysian Grand Prix,19/03/2006,15:00:00,Sepang International Circuit,Kuala Lumpur,Malaysia
55,2006,3,1,Australian Grand Prix,02/04/2006,14:00:00,Albert Park Grand Prix Circuit,Melbourne,Australia
56,2006,4,21,San Marino Grand Prix,23/04/2006,14:00:00,Autodromo Enzo e Dino Ferrari,Imola,Italy
57,2006,5,20,European Grand Prix,07/05/2006,14:00:00,Nürburgring,Nürburg,Germany
58,2006,6,4,Spanish Grand Prix,14/05/2006,14:00:00,Circuit de Barcelona-Catalunya,Montmeló,Spain
59,2006,7,6,Monaco Grand Prix,28/05/2006,14:00:00,Circuit de Monaco,Monte-Carlo,Monaco
60,2006,8,9,British Grand Prix,11/06/2006,12:00:00,Silverstone Circuit,Silverstone,UK
61,2006,9,7,Canadian Grand Prix,25/06/2006,13:00:00,Circuit Gilles Villeneuve,Montreal,Canada
62,2006,10,19,United States Grand Prix,02/07/2006,14:00:00,Indianapolis Motor Speedway,Indianapolis,USA
63,2006,11,8,French Grand Prix,16/07/2006,14:00:00,Circuit de Nevers Magny-Cours,Magny Cours,France
64,2006,12,10,German Grand Prix,30/07/2006,14:00:00,Hockenheimring,Hockenheim,Germany
65,2006,13,11,Hungarian Grand Prix,06/08/2006,14:00:00,Hungaroring,Budapest,Hungary
66,2006,14,5,Turkish Grand Prix,27/08/2006,15:00:00,Istanbul Park,Istanbul,Turkey
67,2006,15,14,Italian Grand Prix,10/09/2006,14:00:00,Autodromo Nazionale di Monza,Monza,Italy
68,2006,16,17,Chinese Grand Prix,01/10/2006,14:00:00,Shanghai International Circuit,Shanghai,China
69,2006,17,22,Japanese Grand Prix,08/10/2006,14:00:00,Suzuka Circuit,Suzuka,Japan
70,2006,18,18,Brazilian Grand Prix,22/10/2006,14:00:00,Autódromo José Carlos Pace,São Paulo,Brazil
71,2005,1,1,Australian Grand Prix,06/03/2005,14:00:00,Albert Park Grand Prix Circuit,Melbourne,Australia
72,2005,2,2,Malaysian Grand Prix,20/03/2005,15:00:00,Sepang International Circuit,Kuala Lumpur,Malaysia
73,2005,3,3,Bahrain Grand Prix,03/04/2005,14:30:00,Bahrain International Circuit,Sakhir,Bahrain
74,2005,4,21,San Marino Grand Prix,24/04/2005,14:00:00,Autodromo Enzo e Dino Ferrari,Imola,Italy
75,2005,5,4,Spanish Grand Prix,08/05/2005,14:00:00,Circuit de Barcelona-Catalunya,Montmeló,Spain
76,2005,6,6,Monaco Grand Prix,22/05/2005,14:00:00,Circuit de Monaco,Monte-Carlo,Monaco
77,2005,7,20,European Grand Prix,29/05/2005,14:00:00,Nürburgring,Nürburg,Germany
78,2005,8,7,Canadian Grand Prix,12/06/2005,13:00:00,Circuit Gilles Villeneuve,Montreal,Canada
79,2005,9,19,United States Grand Prix,19/06/2005,14:00:00,Indianapolis Motor Speedway,Indianapolis,USA
80,2005,10,8,French Grand Prix,03/07/2005,14:00:00,Circuit de Nevers Magny-Cours,Magny Cours,France
81,2005,11,9,British Grand Prix,10/07/2005,14:00:00,Silverstone Circuit,Silverstone,UK
82,2005,12,10,German Grand Prix,24/07/2005,14:00:00,Hockenheimring,Hockenheim,Germany
83,2005,13,11,Hungarian Grand Prix,31/07/2005,14:00:00,Hungaroring,Budapest,Hungary
84,2005,14,5,Turkish Grand Prix,21/08/2005,15:00:00,Istanbul Park,Istanbul,Turkey
85,2005,15,14,Italian Grand Prix,04/09/2005,14:00:00,Autodromo Nazionale di Monza,Monza,Italy
86,2005,16,13,Belgian Grand Prix,11/09/2005,14:00:00,Circuit de Spa-Francorchamps,Spa,Belgium
87,2005,17,18,Brazilian Grand Prix,25/09/2005,14:00:00,Autódromo José Carlos Pace,São Paulo,Brazil
88,2005,18,22,Japanese Grand Prix,09/10/2005,14:00:00,Suzuka Circuit,Suzuka,Japan
89,2005,19,17,Chinese Grand Prix,16/10/2005,14:00:00,Shanghai International Circuit,Shanghai,China
90,2004,1,1,Australian Grand Prix,07/03/2004,\N,Albert Park Grand Prix Circuit,Melbourne,Australia
91,2004,2,2,Malaysian Grand Prix,21/03/2004,\N,Sepang International Circuit,Kuala Lumpur,Malaysia
92,2004,3,3,Bahrain Grand Prix,04/04/2004,\N,Bahrain International Circuit,Sakhir,Bahrain
93,2004,4,21,San Marino Grand Prix,25/04/2004,\N,Autodromo Enzo e Dino Ferrari,Imola,Italy
94,2004,5,4,Spanish Grand Prix,09/05/2004,\N,Circuit de Barcelona-Catalunya,Montmeló,Spain
95,2004,6,6,Monaco Grand Prix,23/05/2004,\N,Circuit de Monaco,Monte-Carlo,Monaco
96,2004,7,20,European Grand Prix,30/05/2004,\N,Nürburgring,Nürburg,Germany
97,2004,8,7,Canadian Grand Prix,13/06/2004,\N,Circuit Gilles Villeneuve,Montreal,Canada
98,2004,9,19,United States Grand Prix,20/06/2004,\N,Indianapolis Motor Speedway,Indianapolis,USA
99,2004,10,8,French Grand Prix,04/07/2004,\N,Circuit de Nevers Magny-Cours,Magny Cours,France
100,2004,11,9,British Grand Prix,11/07/2004,\N,Silverstone Circuit,Silverstone,UK
101,2004,12,10,German Grand Prix,25/07/2004,\N,Hockenheimring,Hockenheim,Germany
102,2004,13,11,Hungarian Grand Prix,15/08/2004,\N,Hungaroring,Budapest,Hungary
103,2004,14,13,Belgian Grand Prix,29/08/2004,\N,Circuit de Spa-Francorchamps,Spa,Belgium
104,2004,15,14,Italian Grand Prix,12/09/2004,\N,Autodromo Nazionale di Monza,Monza,Italy
105,2004,16,17,Chinese Grand Prix,26/09/2004,\N,Shanghai International Circuit,Shanghai,China
106,2004,17,22,Japanese Grand Prix,10/10/2004,\N,Suzuka Circuit,Suzuka,Japan
107,2004,18,18,Brazilian Grand Prix,24/10/2004,\N,Autódromo José Carlos Pace,São Paulo,Brazil
108,2003,1,1,Australian Grand Prix,09/03/2003,\N,Albert Park Grand Prix Circuit,Melbourne,Australia
109,2003,2,2,Malaysian Grand Prix,23/03/2003,\N,Sepang International Circuit,Kuala Lumpur,Malaysia
110,2003,3,18,Brazilian Grand Prix,06/04/2003,\N,Autódromo José Carlos Pace,São Paulo,Brazil
111,2003,4,21,San Marino Grand Prix,20/04/2003,\N,Autodromo Enzo e Dino Ferrari,Imola,Italy
112,2003,5,4,Spanish Grand Prix,04/05/2003,\N,Circuit de Barcelona-Catalunya,Montmeló,Spain
113,2003,6,23,Austrian Grand Prix,18/05/2003,\N,A1-Ring,Spielburg,Austria
114,2003,7,6,Monaco Grand Prix,01/06/2003,\N,Circuit de Monaco,Monte-Carlo,Monaco
115,2003,8,7,Canadian Grand Prix,15/06/2003,\N,Circuit Gilles Villeneuve,Montreal,Canada
116,2003,9,20,European Grand Prix,29/06/2003,\N,Nürburgring,Nürburg,Germany
117,2003,10,8,French Grand Prix,06/07/2003,\N,Circuit de Nevers Magny-Cours,Magny Cours,France
118,2003,11,9,British Grand Prix,20/07/2003,\N,Silverstone Circuit,Silverstone,UK
119,2003,12,10,German Grand Prix,03/08/2003,\N,Hockenheimring,Hockenheim,Germany
120,2003,13,11,Hungarian Grand Prix,24/08/2003,\N,Hungaroring,Budapest,Hungary
121,2003,14,14,Italian Grand Prix,14/09/2003,\N,Autodromo Nazionale di Monza,Monza,Italy
122,2003,15,19,United States Grand Prix,28/09/2003,\N,Indianapolis Motor Speedway,Indianapolis,USA
123,2003,16,22,Japanese Grand Prix,12/10/2003,\N,Suzuka Circuit,Suzuka,Japan
124,2002,1,1,Australian Grand Prix,03/03/2002,\N,Albert Park Grand Prix Circuit,Melbourne,Australia
125,2002,2,2,Malaysian Grand Prix,17/03/2002,\N,Sepang International Circuit,Kuala Lumpur,Malaysia
126,2002,3,18,Brazilian Grand Prix,31/03/2002,\N,Autódromo José Carlos Pace,São Paulo,Brazil
127,2002,4,21,San Marino Grand Prix,14/04/2002,\N,Autodromo Enzo e Dino Ferrari,Imola,Italy
128,2002,5,4,Spanish Grand Prix,28/04/2002,\N,Circuit de Barcelona-Catalunya,Montmeló,Spain
129,2002,6,23,Austrian Grand Prix,12/05/2002,\N,A1-Ring,Spielburg,Austria
130,2002,7,6,Monaco Grand Prix,26/05/2002,\N,Circuit de Monaco,Monte-Carlo,Monaco
131,2002,8,7,Canadian Grand Prix,09/06/2002,\N,Circuit Gilles Villeneuve,Montreal,Canada
132,2002,9,20,European Grand Prix,23/06/2002,\N,Nürburgring,Nürburg,Germany
133,2002,10,9,British Grand Prix,07/07/2002,\N,Silverstone Circuit,Silverstone,UK
134,2002,11,8,French Grand Prix,21/07/2002,\N,Circuit de Nevers Magny-Cours,Magny Cours,France
135,2002,12,10,German Grand Prix,28/07/2002,\N,Hockenheimring,Hockenheim,Germany
136,2002,13,11,Hungarian Grand Prix,18/08/2002,\N,Hungaroring,Budapest,Hungary
137,2002,14,13,Belgian Grand Prix,01/09/2002,\N,Circuit de Spa-Francorchamps,Spa,Belgium
138,2002,15,14,Italian Grand Prix,15/09/2002,\N,Autodromo Nazionale di Monza,Monza,Italy
139,2002,16,19,United States Grand Prix,29/09/2002,\N,Indianapolis Motor Speedway,Indianapolis,USA
140,2002,17,22,Japanese Grand Prix,13/10/2002,\N,Suzuka Circuit,Suzuka,Japan
141,2001,1,1,Australian Grand Prix,04/03/2001,\N,Albert Park Grand Prix Circuit,Melbourne,Australia
142,2001,2,2,Malaysian Grand Prix,18/03/2001,\N,Sepang International Circuit,Kuala Lumpur,Malaysia
143,2001,3,18,Brazilian Grand Prix,01/04/2001,\N,Autódromo José Carlos Pace,São Paulo,Brazil
144,2001,4,21,San Marino Grand Prix,15/04/2001,\N,Autodromo Enzo e Dino Ferrari,Imola,Italy
145,2001,5,4,Spanish Grand Prix,29/04/2001,\N,Circuit de Barcelona-Catalunya,Montmeló,Spain
146,2001,6,23,Austrian Grand Prix,13/05/2001,\N,A1-Ring,Spielburg,Austria
147,2001,7,6,Monaco Grand Prix,27/05/2001,\N,Circuit de Monaco,Monte-Carlo,Monaco
148,2001,8,7,Canadian Grand Prix,10/06/2001,\N,Circuit Gilles Villeneuve,Montreal,Canada
149,2001,9,20,European Grand Prix,24/06/2001,\N,Nürburgring,Nürburg,Germany
150,2001,10,8,French Grand Prix,01/07/2001,\N,Circuit de Nevers Magny-Cours,Magny Cours,France
151,2001,11,9,British Grand Prix,15/07/2001,\N,Silverstone Circuit,Silverstone,UK
152,2001,12,10,German Grand Prix,29/07/2001,\N,Hockenheimring,Hockenheim,Germany
153,2001,13,11,Hungarian Grand Prix,19/08/2001,\N,Hungaroring,Budapest,Hungary
154,2001,14,13,Belgian Grand Prix,02/09/2001,\N,Circuit de Spa-Francorchamps,Spa,Belgium
155,2001,15,14,Italian Grand Prix,16/09/2001,\N,Autodromo Nazionale di Monza,Monza,Italy
156,2001,16,19,United States Grand Prix,30/09/2001,\N,Indianapolis Motor Speedway,Indianapolis,USA
157,2001,17,22,Japanese Grand Prix,14/10/2001,\N,Suzuka Circuit,Suzuka,Japan
158,2000,1,1,Australian Grand Prix,12/03/2000,\N,Albert Park Grand Prix Circuit,Melbourne,Australia
159,2000,2,18,Brazilian Grand Prix,26/03/2000,\N,Autódromo José Carlos Pace,São Paulo,Brazil
160,2000,3,21,San Marino Grand Prix,09/04/2000,\N,Autodromo Enzo e Dino Ferrari,Imola,Italy
161,2000,4,9,British Grand Prix,23/04/2000,\N,Silverstone Circuit,Silverstone,UK
162,2000,5,4,Spanish Grand Prix,07/05/2000,\N,Circuit de Barcelona-Catalunya,Montmeló,Spain
163,2000,6,20,European Grand Prix,21/05/2000,\N,Nürburgring,Nürburg,Germany
164,2000,7,6,Monaco Grand Prix,04/06/2000,\N,Circuit de Monaco,Monte-Carlo,Monaco
165,2000,8,7,Canadian Grand Prix,18/06/2000,\N,Circuit Gilles Villeneuve,Montreal,Canada
166,2000,9,8,French Grand Prix,02/07/2000,\N,Circuit de Nevers Magny-Cours,Magny Cours,France
167,2000,10,23,Austrian Grand Prix,16/07/2000,\N,A1-Ring,Spielburg,Austria
168,2000,11,10,German Grand Prix,30/07/2000,\N,Hockenheimring,Hockenheim,Germany
169,2000,12,11,Hungarian Grand Prix,13/08/2000,\N,Hungaroring,Budapest,Hungary
170,2000,13,13,Belgian Grand Prix,27/08/2000,\N,Circuit de Spa-Francorchamps,Spa,Belgium
171,2000,14,14,Italian Grand Prix,10/09/2000,\N,Autodromo Nazionale di Monza,Monza,Italy
172,2000,15,19,United States Grand Prix,24/09/2000,\N,Indianapolis Motor Speedway,Indianapolis,USA
173,2000,16,22,Japanese Grand Prix,08/10/2000,\N,Suzuka Circuit,Suzuka,Japan
174,2000,17,2,Malaysian Grand Prix,22/10/2000,\N,Sepang International Circuit,Kuala Lumpur,Malaysia
175,1999,1,1,Australian Grand Prix,07/03/1999,\N,Albert Park Grand Prix Circuit,Melbourne,Australia
176,1999,2,18,Brazilian Grand Prix,11/04/1999,\N,Autódromo José Carlos Pace,São Paulo,Brazil
177,1999,3,21,San Marino Grand Prix,02/05/1999,\N,Autodromo Enzo e Dino Ferrari,Imola,Italy
178,1999,4,6,Monaco Grand Prix,16/05/1999,\N,Circuit de Monaco,Monte-Carlo,Monaco
179,1999,5,4,Spanish Grand Prix,30/05/1999,\N,Circuit de Barcelona-Catalunya,Montmeló,Spain
180,1999,6,7,Canadian Grand Prix,13/06/1999,\N,Circuit Gilles Villeneuve,Montreal,Canada
181,1999,7,8,French Grand Prix,27/06/1999,\N,Circuit de Nevers Magny-Cours,Magny Cours,France
182,1999,8,9,British Grand Prix,11/07/1999,\N,Silverstone Circuit,Silverstone,UK
183,1999,9,23,Austrian Grand Prix,25/07/1999,\N,A1-Ring,Spielburg,Austria
184,1999,10,10,German Grand Prix,01/08/1999,\N,Hockenheimring,Hockenheim,Germany
185,1999,11,11,Hungarian Grand Prix,15/08/1999,\N,Hungaroring,Budapest,Hungary
186,1999,12,13,Belgian Grand Prix,29/08/1999,\N,Circuit de Spa-Francorchamps,Spa,Belgium
187,1999,13,14,Italian Grand Prix,12/09/1999,\N,Autodromo Nazionale di Monza,Monza,Italy
188,1999,14,20,European Grand Prix,26/09/1999,\N,Nürburgring,Nürburg,Germany
189,1999,15,2,Malaysian Grand Prix,17/10/1999,\N,Sepang International Circuit,Kuala Lumpur,Malaysia
190,1999,16,22,Japanese Grand Prix,31/10/1999,\N,Suzuka Circuit,Suzuka,Japan
191,1998,1,1,Australian Grand Prix,08/03/1998,\N,Albert Park Grand Prix Circuit,Melbourne,Australia
192,1998,2,18,Brazilian Grand Prix,29/03/1998,\N,Autódromo José Carlos Pace,São Paulo,Brazil
193,1998,3,25,Argentine Grand Prix,12/04/1998,\N,Autódromo Juan y Oscar Gálvez,Buenos Aires,Argentina
194,1998,4,21,San Marino Grand Prix,26/04/1998,\N,Autodromo Enzo e Dino Ferrari,Imola,Italy
195,1998,5,4,Spanish Grand Prix,10/05/1998,\N,Circuit de Barcelona-Catalunya,Montmeló,Spain
196,1998,6,6,Monaco Grand Prix,24/05/1998,\N,Circuit de Monaco,Monte-Carlo,Monaco
197,1998,7,7,Canadian Grand Prix,07/06/1998,\N,Circuit Gilles Villeneuve,Montreal,Canada
198,1998,8,8,French Grand Prix,28/06/1998,\N,Circuit de Nevers Magny-Cours,Magny Cours,France
199,1998,9,9,British Grand Prix,12/07/1998,\N,Silverstone Circuit,Silverstone,UK
200,1998,10,23,Austrian Grand Prix,26/07/1998,\N,A1-Ring,Spielburg,Austria
201,1998,11,10,German Grand Prix,02/08/1998,\N,Hockenheimring,Hockenheim,Germany
202,1998,12,11,Hungarian Grand Prix,16/08/1998,\N,Hungaroring,Budapest,Hungary
203,1998,13,13,Belgian Grand Prix,30/08/1998,\N,Circuit de Spa-Francorchamps,Spa,Belgium
204,1998,14,14,Italian Grand Prix,13/09/1998,\N,Autodromo Nazionale di Monza,Monza,Italy
205,1998,15,20,Luxembourg Grand Prix,27/09/1998,\N,Nürburgring,Nürburg,Germany
206,1998,16,22,Japanese Grand Prix,01/11/1998,\N,Suzuka Circuit,Suzuka,Japan
207,1997,1,1,Australian Grand Prix,09/03/1997,\N,Albert Park Grand Prix Circuit,Melbourne,Australia
208,1997,2,18,Brazilian Grand Prix,30/03/1997,\N,Autódromo José Carlos Pace,São Paulo,Brazil
209,1997,3,25,Argentine Grand Prix,13/04/1997,\N,Autódromo Juan y Oscar Gálvez,Buenos Aires,Argentina
210,1997,4,21,San Marino Grand Prix,27/04/1997,\N,Autodromo Enzo e Dino Ferrari,Imola,Italy
211,1997,5,6,Monaco Grand Prix,11/05/1997,\N,Circuit de Monaco,Monte-Carlo,Monaco
212,1997,6,4,Spanish Grand Prix,25/05/1997,\N,Circuit de Barcelona-Catalunya,Montmeló,Spain
213,1997,7,7,Canadian Grand Prix,15/06/1997,\N,Circuit Gilles Villeneuve,Montreal,Canada
214,1997,8,8,French Grand Prix,29/06/1997,\N,Circuit de Nevers Magny-Cours,Magny Cours,France
215,1997,9,9,British Grand Prix,13/07/1997,\N,Silverstone Circuit,Silverstone,UK
216,1997,10,10,German Grand Prix,27/07/1997,\N,Hockenheimring,Hockenheim,Germany
217,1997,11,11,Hungarian Grand Prix,10/08/1997,\N,Hungaroring,Budapest,Hungary
218,1997,12,13,Belgian Grand Prix,24/08/1997,\N,Circuit de Spa-Francorchamps,Spa,Belgium
219,1997,13,14,Italian Grand Prix,07/09/1997,\N,Autodromo Nazionale di Monza,Monza,Italy
220,1997,14,23,Austrian Grand Prix,21/09/1997,\N,A1-Ring,Spielburg,Austria
221,1997,15,20,Luxembourg Grand Prix,28/09/1997,\N,Nürburgring,Nürburg,Germany
222,1997,16,22,Japanese Grand Prix,12/10/1997,\N,Suzuka Circuit,Suzuka,Japan
223,1997,17,26,European Grand Prix,26/10/1997,\N,Circuito de Jerez,Jerez de la Frontera,Spain
224,1996,1,1,Australian Grand Prix,10/03/1996,\N,Albert Park Grand Prix Circuit,Melbourne,Australia
225,1996,2,18,Brazilian Grand Prix,31/03/1996,\N,Autódromo José Carlos Pace,São Paulo,Brazil
226,1996,3,25,Argentine Grand Prix,07/04/1996,\N,Autódromo Juan y Oscar Gálvez,Buenos Aires,Argentina
227,1996,4,20,European Grand Prix,28/04/1996,\N,Nürburgring,Nürburg,Germany
228,1996,5,21,San Marino Grand Prix,05/05/1996,\N,Autodromo Enzo e Dino Ferrari,Imola,Italy
229,1996,6,6,Monaco Grand Prix,19/05/1996,\N,Circuit de Monaco,Monte-Carlo,Monaco
230,1996,7,4,Spanish Grand Prix,02/06/1996,\N,Circuit de Barcelona-Catalunya,Montmeló,Spain
231,1996,8,7,Canadian Grand Prix,16/06/1996,\N,Circuit Gilles Villeneuve,Montreal,Canada
232,1996,9,8,French Grand Prix,30/06/1996,\N,Circuit de Nevers Magny-Cours,Magny Cours,France
233,1996,10,9,British Grand Prix,14/07/1996,\N,Silverstone Circuit,Silverstone,UK
234,1996,11,10,German Grand Prix,28/07/1996,\N,Hockenheimring,Hockenheim,Germany
235,1996,12,11,Hungarian Grand Prix,11/08/1996,\N,Hungaroring,Budapest,Hungary
236,1996,13,13,Belgian Grand Prix,25/08/1996,\N,Circuit de Spa-Francorchamps,Spa,Belgium
237,1996,14,14,Italian Grand Prix,08/09/1996,\N,Autodromo Nazionale di Monza,Monza,Italy
238,1996,15,27,Portuguese Grand Prix,22/09/1996,\N,Autódromo do Estoril,Estoril,Portugal
239,1996,16,22,Japanese Grand Prix,13/10/1996,\N,Suzuka Circuit,Suzuka,Japan
240,1995,1,18,Brazilian Grand Prix,26/03/1995,\N,Autódromo José Carlos Pace,São Paulo,Brazil
241,1995,2,25,Argentine Grand Prix,09/04/1995,\N,Autódromo Juan y Oscar Gálvez,Buenos Aires,Argentina
242,1995,3,21,San Marino Grand Prix,30/04/1995,\N,Autodromo Enzo e Dino Ferrari,Imola,Italy
243,1995,4,4,Spanish Grand Prix,14/05/1995,\N,Circuit de Barcelona-Catalunya,Montmeló,Spain
244,1995,5,6,Monaco Grand Prix,28/05/1995,\N,Circuit de Monaco,Monte-Carlo,Monaco
245,1995,6,7,Canadian Grand Prix,11/06/1995,\N,Circuit Gilles Villeneuve,Montreal,Canada
246,1995,7,8,French Grand Prix,02/07/1995,\N,Circuit de Nevers Magny-Cours,Magny Cours,France
247,1995,8,9,British Grand Prix,16/07/1995,\N,Silverstone Circuit,Silverstone,UK
248,1995,9,10,German Grand Prix,30/07/1995,\N,Hockenheimring,Hockenheim,Germany
249,1995,10,11,Hungarian Grand Prix,13/08/1995,\N,Hungaroring,Budapest,Hungary
250,1995,11,13,Belgian Grand Prix,27/08/1995,\N,Circuit de Spa-Francorchamps,Spa,Belgium
251,1995,12,14,Italian Grand Prix,10/09/1995,\N,Autodromo Nazionale di Monza,Monza,Italy
252,1995,13,27,Portuguese Grand Prix,24/09/1995,\N,Autódromo do Estoril,Estoril,Portugal
253,1995,14,20,European Grand Prix,01/10/1995,\N,Nürburgring,Nürburg,Germany
254,1995,15,28,Pacific Grand Prix,22/10/1995,\N,Okayama International Circuit,Okayama,Japan
255,1995,16,22,Japanese Grand Prix,29/10/1995,\N,Suzuka Circuit,Suzuka,Japan
256,1995,17,29,Australian Grand Prix,12/11/1995,\N,Adelaide Street Circuit,Adelaide,Australia
257,1994,1,18,Brazilian Grand Prix,27/03/1994,\N,Autódromo José Carlos Pace,São Paulo,Brazil
258,1994,2,28,Pacific Grand Prix,17/04/1994,\N,Okayama International Circuit,Okayama,Japan
259,1994,3,21,San Marino Grand Prix,01/05/1994,\N,Autodromo Enzo e Dino Ferrari,Imola,Italy
260,1994,4,6,Monaco Grand Prix,15/05/1994,\N,Circuit de Monaco,Monte-Carlo,Monaco
261,1994,5,4,Spanish Grand Prix,29/05/1994,\N,Circuit de Barcelona-Catalunya,Montmeló,Spain
262,1994,6,7,Canadian Grand Prix,12/06/1994,\N,Circuit Gilles Villeneuve,Montreal,Canada
263,1994,7,8,French Grand Prix,03/07/1994,\N,Circuit de Nevers Magny-Cours,Magny Cours,France
264,1994,8,9,British Grand Prix,10/07/1994,\N,Silverstone Circuit,Silverstone,UK
265,1994,9,10,German Grand Prix,31/07/1994,\N,Hockenheimring,Hockenheim,Germany
266,1994,10,11,Hungarian Grand Prix,14/08/1994,\N,Hungaroring,Budapest,Hungary
267,1994,11,13,Belgian Grand Prix,28/08/1994,\N,Circuit de Spa-Francorchamps,Spa,Belgium
268,1994,12,14,Italian Grand Prix,11/09/1994,\N,Autodromo Nazionale di Monza,Monza,Italy
269,1994,13,27,Portuguese Grand Prix,25/09/1994,\N,Autódromo do Estoril,Estoril,Portugal
270,1994,14,26,European Grand Prix,16/10/1994,\N,Circuito de Jerez,Jerez de la Frontera,Spain
271,1994,15,22,Japanese Grand Prix,06/11/1994,\N,Suzuka Circuit,Suzuka,Japan
272,1994,16,29,Australian Grand Prix,13/11/1994,\N,Adelaide Street Circuit,Adelaide,Australia
273,1993,1,30,South African Grand Prix,14/03/1993,\N,Kyalami,Midrand,South Africa
274,1993,2,18,Brazilian Grand Prix,28/03/1993,\N,Autódromo José Carlos Pace,São Paulo,Brazil
275,1993,3,31,European Grand Prix,11/04/1993,\N,Donington Park,Castle Donington,UK
276,1993,4,21,San Marino Grand Prix,25/04/1993,\N,Autodromo Enzo e Dino Ferrari,Imola,Italy
277,1993,5,4,Spanish Grand Prix,09/05/1993,\N,Circuit de Barcelona-Catalunya,Montmeló,Spain
278,1993,6,6,Monaco Grand Prix,23/05/1993,\N,Circuit de Monaco,Monte-Carlo,Monaco
279,1993,7,7,Canadian Grand Prix,13/06/1993,\N,Circuit Gilles Villeneuve,Montreal,Canada
280,1993,8,8,French Grand Prix,04/07/1993,\N,Circuit de Nevers Magny-Cours,Magny Cours,France
281,1993,9,9,British Grand Prix,11/07/1993,\N,Silverstone Circuit,Silverstone,UK
282,1993,10,10,German Grand Prix,25/07/1993,\N,Hockenheimring,Hockenheim,Germany
283,1993,11,11,Hungarian Grand Prix,15/08/1993,\N,Hungaroring,Budapest,Hungary
284,1993,12,13,Belgian Grand Prix,29/08/1993,\N,Circuit de Spa-Francorchamps,Spa,Belgium
285,1993,13,14,Italian Grand Prix,12/09/1993,\N,Autodromo Nazionale di Monza,Monza,Italy
286,1993,14,27,Portuguese Grand Prix,26/09/1993,\N,Autódromo do Estoril,Estoril,Portugal
287,1993,15,22,Japanese Grand Prix,24/10/1993,\N,Suzuka Circuit,Suzuka,Japan
288,1993,16,29,Australian Grand Prix,07/11/1993,\N,Adelaide Street Circuit,Adelaide,Australia
289,1992,1,30,South African Grand Prix,01/03/1992,\N,Kyalami,Midrand,South Africa
290,1992,2,32,Mexican Grand Prix,22/03/1992,\N,Autódromo Hermanos Rodríguez,Mexico City,Mexico
291,1992,3,18,Brazilian Grand Prix,05/04/1992,\N,Autódromo José Carlos Pace,São Paulo,Brazil
292,1992,4,4,Spanish Grand Prix,03/05/1992,\N,Circuit de Barcelona-Catalunya,Montmeló,Spain
293,1992,5,21,San Marino Grand Prix,17/05/1992,\N,Autodromo Enzo e Dino Ferrari,Imola,Italy
294,1992,6,6,Monaco Grand Prix,31/05/1992,\N,Circuit de Monaco,Monte-Carlo,Monaco
295,1992,7,7,Canadian Grand Prix,14/06/1992,\N,Circuit Gilles Villeneuve,Montreal,Canada
296,1992,8,8,French Grand Prix,05/07/1992,\N,Circuit de Nevers Magny-Cours,Magny Cours,France
297,1992,9,9,British Grand Prix,12/07/1992,\N,Silverstone Circuit,Silverstone,UK
298,1992,10,10,German Grand Prix,26/07/1992,\N,Hockenheimring,Hockenheim,Germany
299,1992,11,11,Hungarian Grand Prix,16/08/1992,\N,Hungaroring,Budapest,Hungary
300,1992,12,13,Belgian Grand Prix,30/08/1992,\N,Circuit de Spa-Francorchamps,Spa,Belgium
301,1992,13,14,Italian Grand Prix,13/09/1992,\N,Autodromo Nazionale di Monza,Monza,Italy
302,1992,14,27,Portuguese Grand Prix,27/09/1992,\N,Autódromo do Estoril,Estoril,Portugal
303,1992,15,22,Japanese Grand Prix,25/10/1992,\N,Suzuka Circuit,Suzuka,Japan
304,1992,16,29,Australian Grand Prix,08/11/1992,\N,Adelaide Street Circuit,Adelaide,Australia
305,1991,1,33,United States Grand Prix,10/03/1991,\N,Phoenix street circuit,Phoenix,USA
306,1991,2,18,Brazilian Grand Prix,24/03/1991,\N,Autódromo José Carlos Pace,São Paulo,Brazil
307,1991,3,21,San Marino Grand Prix,28/04/1991,\N,Autodromo Enzo e Dino Ferrari,Imola,Italy
308,1991,4,6,Monaco Grand Prix,12/05/1991,\N,Circuit de Monaco,Monte-Carlo,Monaco
309,1991,5,7,Canadian Grand Prix,02/06/1991,\N,Circuit Gilles Villeneuve,Montreal,Canada
310,1991,6,32,Mexican Grand Prix,16/06/1991,\N,Autódromo Hermanos Rodríguez,Mexico City,Mexico
311,1991,7,8,French Grand Prix,07/07/1991,\N,Circuit de Nevers Magny-Cours,Magny Cours,France
312,1991,8,9,British Grand Prix,14/07/1991,\N,Silverstone Circuit,Silverstone,UK
313,1991,9,10,German Grand Prix,28/07/1991,\N,Hockenheimring,Hockenheim,Germany
314,1991,10,11,Hungarian Grand Prix,11/08/1991,\N,Hungaroring,Budapest,Hungary
315,1991,11,13,Belgian Grand Prix,25/08/1991,\N,Circuit de Spa-Francorchamps,Spa,Belgium
316,1991,12,14,Italian Grand Prix,08/09/1991,\N,Autodromo Nazionale di Monza,Monza,Italy
317,1991,13,27,Portuguese Grand Prix,22/09/1991,\N,Autódromo do Estoril,Estoril,Portugal
318,1991,14,4,Spanish Grand Prix,29/09/1991,\N,Circuit de Barcelona-Catalunya,Montmeló,Spain
319,1991,15,22,Japanese Grand Prix,20/10/1991,\N,Suzuka Circuit,Suzuka,Japan
320,1991,16,29,Australian Grand Prix,03/11/1991,\N,Adelaide Street Circuit,Adelaide,Australia
321,1990,1,33,United States Grand Prix,11/03/1990,\N,Phoenix street circuit,Phoenix,USA
322,1990,2,18,Brazilian Grand Prix,25/03/1990,\N,Autódromo José Carlos Pace,São Paulo,Brazil
323,1990,3,21,San Marino Grand Prix,13/05/1990,\N,Autodromo Enzo e Dino Ferrari,Imola,Italy
324,1990,4,6,Monaco Grand Prix,27/05/1990,\N,Circuit de Monaco,Monte-Carlo,Monaco
325,1990,5,7,Canadian Grand Prix,10/06/1990,\N,Circuit Gilles Villeneuve,Montreal,Canada
326,1990,6,32,Mexican Grand Prix,24/06/1990,\N,Autódromo Hermanos Rodríguez,Mexico City,Mexico
327,1990,7,34,French Grand Prix,08/07/1990,\N,Circuit Paul Ricard,Le Castellet,France
328,1990,8,9,British Grand Prix,15/07/1990,\N,Silverstone Circuit,Silverstone,UK
329,1990,9,10,German Grand Prix,29/07/1990,\N,Hockenheimring,Hockenheim,Germany
330,1990,10,11,Hungarian Grand Prix,12/08/1990,\N,Hungaroring,Budapest,Hungary
331,1990,11,13,Belgian Grand Prix,26/08/1990,\N,Circuit de Spa-Francorchamps,Spa,Belgium
332,1990,12,14,Italian Grand Prix,09/09/1990,\N,Autodromo Nazionale di Monza,Monza,Italy
333,1990,13,27,Portuguese Grand Prix,23/09/1990,\N,Autódromo do Estoril,Estoril,Portugal
334,1990,14,26,Spanish Grand Prix,30/09/1990,\N,Circuito de Jerez,Jerez de la Frontera,Spain
335,1990,15,22,Japanese Grand Prix,21/10/1990,\N,Suzuka Circuit,Suzuka,Japan
336,1990,16,29,Australian Grand Prix,04/11/1990,\N,Adelaide Street Circuit,Adelaide,Australia
337,2010,1,3,Bahrain Grand Prix,14/03/2010,12:00:00,Bahrain International Circuit,Sakhir,Bahrain
338,2010,2,1,Australian Grand Prix,28/03/2010,6:00:00,Albert Park Grand Prix Circuit,Melbourne,Australia
339,2010,3,2,Malaysian Grand Prix,04/04/2010,8:00:00,Sepang International Circuit,Kuala Lumpur,Malaysia
340,2010,4,17,Chinese Grand Prix,18/04/2010,6:00:00,Shanghai International Circuit,Shanghai,China
341,2010,5,4,Spanish Grand Prix,09/05/2010,12:00:00,Circuit de Barcelona-Catalunya,Montmeló,Spain
342,2010,6,6,Monaco Grand Prix,16/05/2010,12:00:00,Circuit de Monaco,Monte-Carlo,Monaco
343,2010,7,5,Turkish Grand Prix,30/05/2010,11:00:00,Istanbul Park,Istanbul,Turkey
344,2010,8,7,Canadian Grand Prix,13/06/2010,16:00:00,Circuit Gilles Villeneuve,Montreal,Canada
345,2010,9,12,European Grand Prix,27/06/2010,12:00:00,Valencia Street Circuit,Valencia,Spain
346,2010,10,9,British Grand Prix,11/07/2010,12:00:00,Silverstone Circuit,Silverstone,UK
347,2010,11,10,German Grand Prix,25/07/2010,12:00:00,Hockenheimring,Hockenheim,Germany
348,2010,12,11,Hungarian Grand Prix,01/08/2010,12:00:00,Hungaroring,Budapest,Hungary
349,2010,13,13,Belgian Grand Prix,29/08/2010,12:00:00,Circuit de Spa-Francorchamps,Spa,Belgium
350,2010,14,14,Italian Grand Prix,12/09/2010,12:00:00,Autodromo Nazionale di Monza,Monza,Italy
351,2010,15,15,Singapore Grand Prix,26/09/2010,12:00:00,Marina Bay Street Circuit,Marina Bay,Singapore
352,2010,16,22,Japanese Grand Prix,10/10/2010,6:00:00,Suzuka Circuit,Suzuka,Japan
353,2010,17,35,Korean Grand Prix,24/10/2010,5:00:00,Korean International Circuit,Yeongam County,Korea
354,2010,18,18,Brazilian Grand Prix,07/11/2010,16:00:00,Autódromo José Carlos Pace,São Paulo,Brazil
355,2010,19,24,Abu Dhabi Grand Prix,14/11/2010,13:00:00,Yas Marina Circuit,Abu Dhabi,UAE
356,1989,1,36,Brazilian Grand Prix,26/03/1989,\N,Autódromo Internacional Nelson Piquet,Rio de Janeiro,Brazil
357,1989,2,21,San Marino Grand Prix,23/04/1989,\N,Autodromo Enzo e Dino Ferrari,Imola,Italy
358,1989,3,6,Monaco Grand Prix,07/05/1989,\N,Circuit de Monaco,Monte-Carlo,Monaco
359,1989,4,32,Mexican Grand Prix,28/05/1989,\N,Autódromo Hermanos Rodríguez,Mexico City,Mexico
360,1989,5,33,United States Grand Prix,04/06/1989,\N,Phoenix street circuit,Phoenix,USA
361,1989,6,7,Canadian Grand Prix,18/06/1989,\N,Circuit Gilles Villeneuve,Montreal,Canada
362,1989,7,34,French Grand Prix,09/07/1989,\N,Circuit Paul Ricard,Le Castellet,France
363,1989,8,9,British Grand Prix,16/07/1989,\N,Silverstone Circuit,Silverstone,UK
364,1989,9,10,German Grand Prix,30/07/1989,\N,Hockenheimring,Hockenheim,Germany
365,1989,10,11,Hungarian Grand Prix,13/08/1989,\N,Hungaroring,Budapest,Hungary
366,1989,11,13,Belgian Grand Prix,27/08/1989,\N,Circuit de Spa-Francorchamps,Spa,Belgium
367,1989,12,14,Italian Grand Prix,10/09/1989,\N,Autodromo Nazionale di Monza,Monza,Italy
368,1989,13,27,Portuguese Grand Prix,24/09/1989,\N,Autódromo do Estoril,Estoril,Portugal
369,1989,14,26,Spanish Grand Prix,01/10/1989,\N,Circuito de Jerez,Jerez de la Frontera,Spain
370,1989,15,22,Japanese Grand Prix,22/10/1989,\N,Suzuka Circuit,Suzuka,Japan
371,1989,16,29,Australian Grand Prix,05/11/1989,\N,Adelaide Street Circuit,Adelaide,Australia
372,1988,1,36,Brazilian Grand Prix,03/04/1988,\N,Autódromo Internacional Nelson Piquet,Rio de Janeiro,Brazil
373,1988,2,21,San Marino Grand Prix,01/05/1988,\N,Autodromo Enzo e Dino Ferrari,Imola,Italy
374,1988,3,6,Monaco Grand Prix,15/05/1988,\N,Circuit de Monaco,Monte-Carlo,Monaco
375,1988,4,32,Mexican Grand Prix,29/05/1988,\N,Autódromo Hermanos Rodríguez,Mexico City,Mexico
376,1988,5,7,Canadian Grand Prix,12/06/1988,\N,Circuit Gilles Villeneuve,Montreal,Canada
377,1988,6,37,Detroit Grand Prix,19/06/1988,\N,Detroit Street Circuit,Detroit,USA
378,1988,7,34,French Grand Prix,03/07/1988,\N,Circuit Paul Ricard,Le Castellet,France
379,1988,8,9,British Grand Prix,10/07/1988,\N,Silverstone Circuit,Silverstone,UK
380,1988,9,10,German Grand Prix,24/07/1988,\N,Hockenheimring,Hockenheim,Germany
381,1988,10,11,Hungarian Grand Prix,07/08/1988,\N,Hungaroring,Budapest,Hungary
382,1988,11,13,Belgian Grand Prix,28/08/1988,\N,Circuit de Spa-Francorchamps,Spa,Belgium
383,1988,12,14,Italian Grand Prix,11/09/1988,\N,Autodromo Nazionale di Monza,Monza,Italy
384,1988,13,27,Portuguese Grand Prix,25/09/1988,\N,Autódromo do Estoril,Estoril,Portugal
385,1988,14,26,Spanish Grand Prix,02/10/1988,\N,Circuito de Jerez,Jerez de la Frontera,Spain
386,1988,15,22,Japanese Grand Prix,30/10/1988,\N,Suzuka Circuit,Suzuka,Japan
387,1988,16,29,Australian Grand Prix,13/11/1988,\N,Adelaide Street Circuit,Adelaide,Australia
388,1987,1,36,Brazilian Grand Prix,12/04/1987,\N,Autódromo Internacional Nelson Piquet,Rio de Janeiro,Brazil
389,1987,2,21,San Marino Grand Prix,03/05/1987,\N,Autodromo Enzo e Dino Ferrari,Imola,Italy
390,1987,3,13,Belgian Grand Prix,17/05/1987,\N,Circuit de Spa-Francorchamps,Spa,Belgium
391,1987,4,6,Monaco Grand Prix,31/05/1987,\N,Circuit de Monaco,Monte-Carlo,Monaco
392,1987,5,37,Detroit Grand Prix,21/06/1987,\N,Detroit Street Circuit,Detroit,USA
393,1987,6,34,French Grand Prix,05/07/1987,\N,Circuit Paul Ricard,Le Castellet,France
394,1987,7,9,British Grand Prix,12/07/1987,\N,Silverstone Circuit,Silverstone,UK
395,1987,8,10,German Grand Prix,26/07/1987,\N,Hockenheimring,Hockenheim,Germany
396,1987,9,11,Hungarian Grand Prix,09/08/1987,\N,Hungaroring,Budapest,Hungary
397,1987,10,23,Austrian Grand Prix,16/08/1987,\N,A1-Ring,Spielburg,Austria
398,1987,11,14,Italian Grand Prix,06/09/1987,\N,Autodromo Nazionale di Monza,Monza,Italy
399,1987,12,27,Portuguese Grand Prix,20/09/1987,\N,Autódromo do Estoril,Estoril,Portugal
400,1987,13,26,Spanish Grand Prix,27/09/1987,\N,Circuito de Jerez,Jerez de la Frontera,Spain
401,1987,14,32,Mexican Grand Prix,18/10/1987,\N,Autódromo Hermanos Rodríguez,Mexico City,Mexico
402,1987,15,22,Japanese Grand Prix,01/11/1987,\N,Suzuka Circuit,Suzuka,Japan
403,1987,16,29,Australian Grand Prix,15/11/1987,\N,Adelaide Street Circuit,Adelaide,Australia
404,1986,1,36,Brazilian Grand Prix,23/03/1986,\N,Autódromo Internacional Nelson Piquet,Rio de Janeiro,Brazil
405,1986,2,26,Spanish Grand Prix,13/04/1986,\N,Circuito de Jerez,Jerez de la Frontera,Spain
406,1986,3,21,San Marino Grand Prix,27/04/1986,\N,Autodromo Enzo e Dino Ferrari,Imola,Italy
407,1986,4,6,Monaco Grand Prix,11/05/1986,\N,Circuit de Monaco,Monte-Carlo,Monaco
408,1986,5,13,Belgian Grand Prix,25/05/1986,\N,Circuit de Spa-Francorchamps,Spa,Belgium
409,1986,6,7,Canadian Grand Prix,15/06/1986,\N,Circuit Gilles Villeneuve,Montreal,Canada
410,1986,7,37,Detroit Grand Prix,22/06/1986,\N,Detroit Street Circuit,Detroit,USA
411,1986,8,34,French Grand Prix,06/07/1986,\N,Circuit Paul Ricard,Le Castellet,France
412,1986,9,38,British Grand Prix,13/07/1986,\N,Brands Hatch,Kent,UK
413,1986,10,10,German Grand Prix,27/07/1986,\N,Hockenheimring,Hockenheim,Germany
414,1986,11,11,Hungarian Grand Prix,10/08/1986,\N,Hungaroring,Budapest,Hungary
415,1986,12,23,Austrian Grand Prix,17/08/1986,\N,A1-Ring,Spielburg,Austria
416,1986,13,14,Italian Grand Prix,07/09/1986,\N,Autodromo Nazionale di Monza,Monza,Italy
417,1986,14,27,Portuguese Grand Prix,21/09/1986,\N,Autódromo do Estoril,Estoril,Portugal
418,1986,15,32,Mexican Grand Prix,12/10/1986,\N,Autódromo Hermanos Rodríguez,Mexico City,Mexico
419,1986,16,29,Australian Grand Prix,26/10/1986,\N,Adelaide Street Circuit,Adelaide,Australia
420,1985,1,36,Brazilian Grand Prix,07/04/1985,\N,Autódromo Internacional Nelson Piquet,Rio de Janeiro,Brazil
421,1985,2,27,Portuguese Grand Prix,21/04/1985,\N,Autódromo do Estoril,Estoril,Portugal
422,1985,3,21,San Marino Grand Prix,05/05/1985,\N,Autodromo Enzo e Dino Ferrari,Imola,Italy
423,1985,4,6,Monaco Grand Prix,19/05/1985,\N,Circuit de Monaco,Monte-Carlo,Monaco
424,1985,5,7,Canadian Grand Prix,16/06/1985,\N,Circuit Gilles Villeneuve,Montreal,Canada
425,1985,6,37,Detroit Grand Prix,23/06/1985,\N,Detroit Street Circuit,Detroit,USA
426,1985,7,34,French Grand Prix,07/07/1985,\N,Circuit Paul Ricard,Le Castellet,France
427,1985,8,9,British Grand Prix,21/07/1985,\N,Silverstone Circuit,Silverstone,UK
428,1985,9,20,German Grand Prix,04/08/1985,\N,Nürburgring,Nürburg,Germany
429,1985,10,23,Austrian Grand Prix,18/08/1985,\N,A1-Ring,Spielburg,Austria
430,1985,11,39,Dutch Grand Prix,25/08/1985,\N,Circuit Park Zandvoort,Zandvoort,Netherlands
431,1985,12,14,Italian Grand Prix,08/09/1985,\N,Autodromo Nazionale di Monza,Monza,Italy
432,1985,13,13,Belgian Grand Prix,15/09/1985,\N,Circuit de Spa-Francorchamps,Spa,Belgium
433,1985,14,38,European Grand Prix,06/10/1985,\N,Brands Hatch,Kent,UK
434,1985,15,30,South African Grand Prix,19/10/1985,\N,Kyalami,Midrand,South Africa
435,1985,16,29,Australian Grand Prix,03/11/1985,\N,Adelaide Street Circuit,Adelaide,Australia
436,1984,1,36,Brazilian Grand Prix,25/03/1984,\N,Autódromo Internacional Nelson Piquet,Rio de Janeiro,Brazil
437,1984,2,30,South African Grand Prix,07/04/1984,\N,Kyalami,Midrand,South Africa
438,1984,3,40,Belgian Grand Prix,29/04/1984,\N,Zolder,Heusden-Zolder,Belgium
439,1984,4,21,San Marino Grand Prix,06/05/1984,\N,Autodromo Enzo e Dino Ferrari,Imola,Italy
440,1984,5,41,French Grand Prix,20/05/1984,\N,Dijon-Prenois,Dijon,France
441,1984,6,6,Monaco Grand Prix,03/06/1984,\N,Circuit de Monaco,Monte-Carlo,Monaco
442,1984,7,7,Canadian Grand Prix,17/06/1984,\N,Circuit Gilles Villeneuve,Montreal,Canada
443,1984,8,37,Detroit Grand Prix,24/06/1984,\N,Detroit Street Circuit,Detroit,USA
444,1984,9,42,Dallas Grand Prix,08/07/1984,\N,Fair Park,Dallas,USA
445,1984,10,38,British Grand Prix,22/07/1984,\N,Brands Hatch,Kent,UK
446,1984,11,10,German Grand Prix,05/08/1984,\N,Hockenheimring,Hockenheim,Germany
447,1984,12,23,Austrian Grand Prix,19/08/1984,\N,A1-Ring,Spielburg,Austria
448,1984,13,39,Dutch Grand Prix,26/08/1984,\N,Circuit Park Zandvoort,Zandvoort,Netherlands
449,1984,14,14,Italian Grand Prix,09/09/1984,\N,Autodromo Nazionale di Monza,Monza,Italy
450,1984,15,20,European Grand Prix,07/10/1984,\N,Nürburgring,Nürburg,Germany
451,1984,16,27,Portuguese Grand Prix,21/10/1984,\N,Autódromo do Estoril,Estoril,Portugal
452,1983,1,36,Brazilian Grand Prix,13/03/1983,\N,Autódromo Internacional Nelson Piquet,Rio de Janeiro,Brazil
453,1983,2,43,United States Grand Prix West,27/03/1983,\N,Long Beach,California,USA
454,1983,3,34,French Grand Prix,17/04/1983,\N,Circuit Paul Ricard,Le Castellet,France
455,1983,4,21,San Marino Grand Prix,01/05/1983,\N,Autodromo Enzo e Dino Ferrari,Imola,Italy
456,1983,5,6,Monaco Grand Prix,15/05/1983,\N,Circuit de Monaco,Monte-Carlo,Monaco
457,1983,6,13,Belgian Grand Prix,22/05/1983,\N,Circuit de Spa-Francorchamps,Spa,Belgium
458,1983,7,37,Detroit Grand Prix,05/06/1983,\N,Detroit Street Circuit,Detroit,USA
459,1983,8,7,Canadian Grand Prix,12/06/1983,\N,Circuit Gilles Villeneuve,Montreal,Canada
460,1983,9,9,British Grand Prix,16/07/1983,\N,Silverstone Circuit,Silverstone,UK
461,1983,10,10,German Grand Prix,07/08/1983,\N,Hockenheimring,Hockenheim,Germany
462,1983,11,23,Austrian Grand Prix,14/08/1983,\N,A1-Ring,Spielburg,Austria
463,1983,12,39,Dutch Grand Prix,28/08/1983,\N,Circuit Park Zandvoort,Zandvoort,Netherlands
464,1983,13,14,Italian Grand Prix,11/09/1983,\N,Autodromo Nazionale di Monza,Monza,Italy
465,1983,14,38,European Grand Prix,25/09/1983,\N,Brands Hatch,Kent,UK
466,1983,15,30,South African Grand Prix,15/10/1983,\N,Kyalami,Midrand,South Africa
467,1982,1,30,South African Grand Prix,23/01/1982,\N,Kyalami,Midrand,South Africa
468,1982,2,36,Brazilian Grand Prix,21/03/1982,\N,Autódromo Internacional Nelson Piquet,Rio de Janeiro,Brazil
469,1982,3,43,United States Grand Prix West,04/04/1982,\N,Long Beach,California,USA
470,1982,4,21,San Marino Grand Prix,25/04/1982,\N,Autodromo Enzo e Dino Ferrari,Imola,Italy
471,1982,5,40,Belgian Grand Prix,09/05/1982,\N,Zolder,Heusden-Zolder,Belgium
472,1982,6,6,Monaco Grand Prix,23/05/1982,\N,Circuit de Monaco,Monte-Carlo,Monaco
473,1982,7,37,Detroit Grand Prix,06/06/1982,\N,Detroit Street Circuit,Detroit,USA
474,1982,8,7,Canadian Grand Prix,13/06/1982,\N,Circuit Gilles Villeneuve,Montreal,Canada
475,1982,9,39,Dutch Grand Prix,03/07/1982,\N,Circuit Park Zandvoort,Zandvoort,Netherlands
476,1982,10,38,British Grand Prix,18/07/1982,\N,Brands Hatch,Kent,UK
477,1982,11,34,French Grand Prix,25/07/1982,\N,Circuit Paul Ricard,Le Castellet,France
478,1982,12,10,German Grand Prix,08/08/1982,\N,Hockenheimring,Hockenheim,Germany
479,1982,13,23,Austrian Grand Prix,15/08/1982,\N,A1-Ring,Spielburg,Austria
480,1982,14,41,Swiss Grand Prix,29/08/1982,\N,Dijon-Prenois,Dijon,France
481,1982,15,14,Italian Grand Prix,12/09/1982,\N,Autodromo Nazionale di Monza,Monza,Italy
482,1982,16,44,Caesars Palace Grand Prix,25/09/1982,\N,Las Vegas Street Circuit,Nevada,USA
483,1981,1,43,United States Grand Prix West,15/03/1981,\N,Long Beach,California,USA
484,1981,2,36,Brazilian Grand Prix,29/03/1981,\N,Autódromo Internacional Nelson Piquet,Rio de Janeiro,Brazil
485,1981,3,25,Argentine Grand Prix,12/04/1981,\N,Autódromo Juan y Oscar Gálvez,Buenos Aires,Argentina
486,1981,4,21,San Marino Grand Prix,03/05/1981,\N,Autodromo Enzo e Dino Ferrari,Imola,Italy
487,1981,5,40,Belgian Grand Prix,17/05/1981,\N,Zolder,Heusden-Zolder,Belgium
488,1981,6,6,Monaco Grand Prix,31/05/1981,\N,Circuit de Monaco,Monte-Carlo,Monaco
489,1981,7,45,Spanish Grand Prix,21/06/1981,\N,Jarama,Madrid,Spain
490,1981,8,41,French Grand Prix,05/07/1981,\N,Dijon-Prenois,Dijon,France
491,1981,9,9,British Grand Prix,18/07/1981,\N,Silverstone Circuit,Silverstone,UK
492,1981,10,10,German Grand Prix,02/08/1981,\N,Hockenheimring,Hockenheim,Germany
493,1981,11,23,Austrian Grand Prix,16/08/1981,\N,A1-Ring,Spielburg,Austria
494,1981,12,39,Dutch Grand Prix,30/08/1981,\N,Circuit Park Zandvoort,Zandvoort,Netherlands
495,1981,13,14,Italian Grand Prix,13/09/1981,\N,Autodromo Nazionale di Monza,Monza,Italy
496,1981,14,7,Canadian Grand Prix,27/09/1981,\N,Circuit Gilles Villeneuve,Montreal,Canada
497,1981,15,44,Caesars Palace Grand Prix,17/10/1981,\N,Las Vegas Street Circuit,Nevada,USA
498,1980,1,25,Argentine Grand Prix,13/01/1980,\N,Autódromo Juan y Oscar Gálvez,Buenos Aires,Argentina
499,1980,2,18,Brazilian Grand Prix,27/01/1980,\N,Autódromo José Carlos Pace,São Paulo,Brazil
500,1980,3,30,South African Grand Prix,01/03/1980,\N,Kyalami,Midrand,South Africa
501,1980,4,43,United States Grand Prix West,30/03/1980,\N,Long Beach,California,USA
502,1980,5,40,Belgian Grand Prix,04/05/1980,\N,Zolder,Heusden-Zolder,Belgium
503,1980,6,6,Monaco Grand Prix,18/05/1980,\N,Circuit de Monaco,Monte-Carlo,Monaco
504,1980,7,34,French Grand Prix,29/06/1980,\N,Circuit Paul Ricard,Le Castellet,France
505,1980,8,38,British Grand Prix,13/07/1980,\N,Brands Hatch,Kent,UK
506,1980,9,10,German Grand Prix,10/08/1980,\N,Hockenheimring,Hockenheim,Germany
507,1980,10,23,Austrian Grand Prix,17/08/1980,\N,A1-Ring,Spielburg,Austria
508,1980,11,39,Dutch Grand Prix,31/08/1980,\N,Circuit Park Zandvoort,Zandvoort,Netherlands
509,1980,12,21,Italian Grand Prix,14/09/1980,\N,Autodromo Enzo e Dino Ferrari,Imola,Italy
510,1980,13,7,Canadian Grand Prix,28/09/1980,\N,Circuit Gilles Villeneuve,Montreal,Canada
511,1980,14,46,United States Grand Prix,05/10/1980,\N,Watkins Glen,New York State,USA
512,1979,1,25,Argentine Grand Prix,21/01/1979,\N,Autódromo Juan y Oscar Gálvez,Buenos Aires,Argentina
513,1979,2,18,Brazilian Grand Prix,04/02/1979,\N,Autódromo José Carlos Pace,São Paulo,Brazil
514,1979,3,30,South African Grand Prix,03/03/1979,\N,Kyalami,Midrand,South Africa
515,1979,4,43,United States Grand Prix West,08/04/1979,\N,Long Beach,California,USA
516,1979,5,45,Spanish Grand Prix,29/04/1979,\N,Jarama,Madrid,Spain
517,1979,6,40,Belgian Grand Prix,13/05/1979,\N,Zolder,Heusden-Zolder,Belgium
518,1979,7,6,Monaco Grand Prix,27/05/1979,\N,Circuit de Monaco,Monte-Carlo,Monaco
519,1979,8,41,French Grand Prix,01/07/1979,\N,Dijon-Prenois,Dijon,France
520,1979,9,9,British Grand Prix,14/07/1979,\N,Silverstone Circuit,Silverstone,UK
521,1979,10,10,German Grand Prix,29/07/1979,\N,Hockenheimring,Hockenheim,Germany
522,1979,11,23,Austrian Grand Prix,12/08/1979,\N,A1-Ring,Spielburg,Austria
523,1979,12,39,Dutch Grand Prix,26/08/1979,\N,Circuit Park Zandvoort,Zandvoort,Netherlands
524,1979,13,14,Italian Grand Prix,09/09/1979,\N,Autodromo Nazionale di Monza,Monza,Italy
525,1979,14,7,Canadian Grand Prix,30/09/1979,\N,Circuit Gilles Villeneuve,Montreal,Canada
526,1979,15,46,United States Grand Prix,07/10/1979,\N,Watkins Glen,New York State,USA
527,1978,1,25,Argentine Grand Prix,15/01/1978,\N,Autódromo Juan y Oscar Gálvez,Buenos Aires,Argentina
528,1978,2,36,Brazilian Grand Prix,29/01/1978,\N,Autódromo Internacional Nelson Piquet,Rio de Janeiro,Brazil
529,1978,3,30,South African Grand Prix,04/03/1978,\N,Kyalami,Midrand,South Africa
530,1978,4,43,United States Grand Prix West,02/04/1978,\N,Long Beach,California,USA
531,1978,5,6,Monaco Grand Prix,07/05/1978,\N,Circuit de Monaco,Monte-Carlo,Monaco
532,1978,6,40,Belgian Grand Prix,21/05/1978,\N,Zolder,Heusden-Zolder,Belgium
533,1978,7,45,Spanish Grand Prix,04/06/1978,\N,Jarama,Madrid,Spain
534,1978,8,47,Swedish Grand Prix,17/06/1978,\N,Scandinavian Raceway,Anderstorp,Sweden
535,1978,9,34,French Grand Prix,02/07/1978,\N,Circuit Paul Ricard,Le Castellet,France
536,1978,10,38,British Grand Prix,16/07/1978,\N,Brands Hatch,Kent,UK
537,1978,11,10,German Grand Prix,30/07/1978,\N,Hockenheimring,Hockenheim,Germany
538,1978,12,23,Austrian Grand Prix,13/08/1978,\N,A1-Ring,Spielburg,Austria
539,1978,13,39,Dutch Grand Prix,27/08/1978,\N,Circuit Park Zandvoort,Zandvoort,Netherlands
540,1978,14,14,Italian Grand Prix,10/09/1978,\N,Autodromo Nazionale di Monza,Monza,Italy
541,1978,15,46,United States Grand Prix,01/10/1978,\N,Watkins Glen,New York State,USA
542,1978,16,7,Canadian Grand Prix,08/10/1978,\N,Circuit Gilles Villeneuve,Montreal,Canada
543,1977,1,25,Argentine Grand Prix,09/01/1977,\N,Autódromo Juan y Oscar Gálvez,Buenos Aires,Argentina
544,1977,2,18,Brazilian Grand Prix,23/01/1977,\N,Autódromo José Carlos Pace,São Paulo,Brazil
545,1977,3,30,South African Grand Prix,05/03/1977,\N,Kyalami,Midrand,South Africa
546,1977,4,43,United States Grand Prix West,03/04/1977,\N,Long Beach,California,USA
547,1977,5,45,Spanish Grand Prix,08/05/1977,\N,Jarama,Madrid,Spain
548,1977,6,6,Monaco Grand Prix,22/05/1977,\N,Circuit de Monaco,Monte-Carlo,Monaco
549,1977,7,40,Belgian Grand Prix,05/06/1977,\N,Zolder,Heusden-Zolder,Belgium
550,1977,8,47,Swedish Grand Prix,19/06/1977,\N,Scandinavian Raceway,Anderstorp,Sweden
551,1977,9,41,French Grand Prix,03/07/1977,\N,Dijon-Prenois,Dijon,France
552,1977,10,9,British Grand Prix,16/07/1977,\N,Silverstone Circuit,Silverstone,UK
553,1977,11,10,German Grand Prix,31/07/1977,\N,Hockenheimring,Hockenheim,Germany
554,1977,12,23,Austrian Grand Prix,14/08/1977,\N,A1-Ring,Spielburg,Austria
555,1977,13,39,Dutch Grand Prix,28/08/1977,\N,Circuit Park Zandvoort,Zandvoort,Netherlands
556,1977,14,14,Italian Grand Prix,11/09/1977,\N,Autodromo Nazionale di Monza,Monza,Italy
557,1977,15,46,United States Grand Prix,02/10/1977,\N,Watkins Glen,New York State,USA
558,1977,16,48,Canadian Grand Prix,09/10/1977,\N,Mosport International Raceway,Ontario,Canada
559,1977,17,16,Japanese Grand Prix,23/10/1977,\N,Fuji Speedway,Oyama,Japan
560,1976,1,18,Brazilian Grand Prix,25/01/1976,\N,Autódromo José Carlos Pace,São Paulo,Brazil
561,1976,2,30,South African Grand Prix,06/03/1976,\N,Kyalami,Midrand,South Africa
562,1976,3,43,United States Grand Prix West,28/03/1976,\N,Long Beach,California,USA
563,1976,4,45,Spanish Grand Prix,02/05/1976,\N,Jarama,Madrid,Spain
564,1976,5,40,Belgian Grand Prix,16/05/1976,\N,Zolder,Heusden-Zolder,Belgium
565,1976,6,6,Monaco Grand Prix,30/05/1976,\N,Circuit de Monaco,Monte-Carlo,Monaco
566,1976,7,47,Swedish Grand Prix,13/06/1976,\N,Scandinavian Raceway,Anderstorp,Sweden
567,1976,8,34,French Grand Prix,04/07/1976,\N,Circuit Paul Ricard,Le Castellet,France
568,1976,9,38,British Grand Prix,18/07/1976,\N,Brands Hatch,Kent,UK
569,1976,10,20,German Grand Prix,01/08/1976,\N,Nürburgring,Nürburg,Germany
570,1976,11,23,Austrian Grand Prix,15/08/1976,\N,A1-Ring,Spielburg,Austria
571,1976,12,39,Dutch Grand Prix,29/08/1976,\N,Circuit Park Zandvoort,Zandvoort,Netherlands
572,1976,13,14,Italian Grand Prix,12/09/1976,\N,Autodromo Nazionale di Monza,Monza,Italy
573,1976,14,48,Canadian Grand Prix,03/10/1976,\N,Mosport International Raceway,Ontario,Canada
574,1976,15,46,United States Grand Prix,10/10/1976,\N,Watkins Glen,New York State,USA
575,1976,16,16,Japanese Grand Prix,24/10/1976,\N,Fuji Speedway,Oyama,Japan
576,1975,1,25,Argentine Grand Prix,12/01/1975,\N,Autódromo Juan y Oscar Gálvez,Buenos Aires,Argentina
577,1975,2,18,Brazilian Grand Prix,26/01/1975,\N,Autódromo José Carlos Pace,São Paulo,Brazil
578,1975,3,30,South African Grand Prix,01/03/1975,\N,Kyalami,Midrand,South Africa
579,1975,4,49,Spanish Grand Prix,27/04/1975,\N,Montjuïc,Barcelona,Spain
580,1975,5,6,Monaco Grand Prix,11/05/1975,\N,Circuit de Monaco,Monte-Carlo,Monaco
581,1975,6,40,Belgian Grand Prix,25/05/1975,\N,Zolder,Heusden-Zolder,Belgium
582,1975,7,47,Swedish Grand Prix,08/06/1975,\N,Scandinavian Raceway,Anderstorp,Sweden
583,1975,8,39,Dutch Grand Prix,22/06/1975,\N,Circuit Park Zandvoort,Zandvoort,Netherlands
584,1975,9,34,French Grand Prix,06/07/1975,\N,Circuit Paul Ricard,Le Castellet,France
585,1975,10,9,British Grand Prix,19/07/1975,\N,Silverstone Circuit,Silverstone,UK
586,1975,11,20,German Grand Prix,03/08/1975,\N,Nürburgring,Nürburg,Germany
587,1975,12,23,Austrian Grand Prix,17/08/1975,\N,A1-Ring,Spielburg,Austria
588,1975,13,14,Italian Grand Prix,07/09/1975,\N,Autodromo Nazionale di Monza,Monza,Italy
589,1975,14,46,United States Grand Prix,05/10/1975,\N,Watkins Glen,New York State,USA
590,1974,1,25,Argentine Grand Prix,13/01/1974,\N,Autódromo Juan y Oscar Gálvez,Buenos Aires,Argentina
591,1974,2,18,Brazilian Grand Prix,27/01/1974,\N,Autódromo José Carlos Pace,São Paulo,Brazil
592,1974,3,30,South African Grand Prix,30/03/1974,\N,Kyalami,Midrand,South Africa
593,1974,4,45,Spanish Grand Prix,28/04/1974,\N,Jarama,Madrid,Spain
594,1974,5,50,Belgian Grand Prix,12/05/1974,\N,Nivelles-Baulers,Brussels,Belgium
595,1974,6,6,Monaco Grand Prix,26/05/1974,\N,Circuit de Monaco,Monte-Carlo,Monaco
596,1974,7,47,Swedish Grand Prix,09/06/1974,\N,Scandinavian Raceway,Anderstorp,Sweden
597,1974,8,39,Dutch Grand Prix,23/06/1974,\N,Circuit Park Zandvoort,Zandvoort,Netherlands
598,1974,9,41,French Grand Prix,07/07/1974,\N,Dijon-Prenois,Dijon,France
599,1974,10,38,British Grand Prix,20/07/1974,\N,Brands Hatch,Kent,UK
600,1974,11,20,German Grand Prix,04/08/1974,\N,Nürburgring,Nürburg,Germany
601,1974,12,23,Austrian Grand Prix,18/08/1974,\N,A1-Ring,Spielburg,Austria
602,1974,13,14,Italian Grand Prix,08/09/1974,\N,Autodromo Nazionale di Monza,Monza,Italy
603,1974,14,48,Canadian Grand Prix,22/09/1974,\N,Mosport International Raceway,Ontario,Canada
604,1974,15,46,United States Grand Prix,06/10/1974,\N,Watkins Glen,New York State,USA
605,1973,1,25,Argentine Grand Prix,28/01/1973,\N,Autódromo Juan y Oscar Gálvez,Buenos Aires,Argentina
606,1973,2,18,Brazilian Grand Prix,11/02/1973,\N,Autódromo José Carlos Pace,São Paulo,Brazil
607,1973,3,30,South African Grand Prix,03/03/1973,\N,Kyalami,Midrand,South Africa
608,1973,4,49,Spanish Grand Prix,29/04/1973,\N,Montjuïc,Barcelona,Spain
609,1973,5,40,Belgian Grand Prix,20/05/1973,\N,Zolder,Heusden-Zolder,Belgium
610,1973,6,6,Monaco Grand Prix,03/06/1973,\N,Circuit de Monaco,Monte-Carlo,Monaco
611,1973,7,47,Swedish Grand Prix,17/06/1973,\N,Scandinavian Raceway,Anderstorp,Sweden
612,1973,8,34,French Grand Prix,01/07/1973,\N,Circuit Paul Ricard,Le Castellet,France
613,1973,9,9,British Grand Prix,14/07/1973,\N,Silverstone Circuit,Silverstone,UK
614,1973,10,39,Dutch Grand Prix,29/07/1973,\N,Circuit Park Zandvoort,Zandvoort,Netherlands
615,1973,11,20,German Grand Prix,05/08/1973,\N,Nürburgring,Nürburg,Germany
616,1973,12,23,Austrian Grand Prix,19/08/1973,\N,A1-Ring,Spielburg,Austria
617,1973,13,14,Italian Grand Prix,09/09/1973,\N,Autodromo Nazionale di Monza,Monza,Italy
618,1973,14,48,Canadian Grand Prix,23/09/1973,\N,Mosport International Raceway,Ontario,Canada
619,1973,15,46,United States Grand Prix,07/10/1973,\N,Watkins Glen,New York State,USA
620,1972,1,25,Argentine Grand Prix,23/01/1972,\N,Autódromo Juan y Oscar Gálvez,Buenos Aires,Argentina
621,1972,2,30,South African Grand Prix,04/03/1972,\N,Kyalami,Midrand,South Africa
622,1972,3,45,Spanish Grand Prix,01/05/1972,\N,Jarama,Madrid,Spain
623,1972,4,6,Monaco Grand Prix,14/05/1972,\N,Circuit de Monaco,Monte-Carlo,Monaco
624,1972,5,50,Belgian Grand Prix,04/06/1972,\N,Nivelles-Baulers,Brussels,Belgium
625,1972,6,51,French Grand Prix,02/07/1972,\N,Charade Circuit,Clermont-Ferrand,France
626,1972,7,38,British Grand Prix,15/07/1972,\N,Brands Hatch,Kent,UK
627,1972,8,20,German Grand Prix,30/07/1972,\N,Nürburgring,Nürburg,Germany
628,1972,9,23,Austrian Grand Prix,13/08/1972,\N,A1-Ring,Spielburg,Austria
629,1972,10,14,Italian Grand Prix,10/09/1972,\N,Autodromo Nazionale di Monza,Monza,Italy
630,1972,11,48,Canadian Grand Prix,24/09/1972,\N,Mosport International Raceway,Ontario,Canada
631,1972,12,46,United States Grand Prix,08/10/1972,\N,Watkins Glen,New York State,USA
632,1971,1,30,South African Grand Prix,06/03/1971,\N,Kyalami,Midrand,South Africa
633,1971,2,49,Spanish Grand Prix,18/04/1971,\N,Montjuïc,Barcelona,Spain
634,1971,3,6,Monaco Grand Prix,23/05/1971,\N,Circuit de Monaco,Monte-Carlo,Monaco
635,1971,4,39,Dutch Grand Prix,20/06/1971,\N,Circuit Park Zandvoort,Zandvoort,Netherlands
636,1971,5,34,French Grand Prix,04/07/1971,\N,Circuit Paul Ricard,Le Castellet,France
637,1971,6,9,British Grand Prix,17/07/1971,\N,Silverstone Circuit,Silverstone,UK
638,1971,7,20,German Grand Prix,01/08/1971,\N,Nürburgring,Nürburg,Germany
639,1971,8,23,Austrian Grand Prix,15/08/1971,\N,A1-Ring,Spielburg,Austria
640,1971,9,14,Italian Grand Prix,05/09/1971,\N,Autodromo Nazionale di Monza,Monza,Italy
641,1971,10,48,Canadian Grand Prix,19/09/1971,\N,Mosport International Raceway,Ontario,Canada
642,1971,11,46,United States Grand Prix,03/10/1971,\N,Watkins Glen,New York State,USA
643,1970,1,30,South African Grand Prix,07/03/1970,\N,Kyalami,Midrand,South Africa
644,1970,2,45,Spanish Grand Prix,19/04/1970,\N,Jarama,Madrid,Spain
645,1970,3,6,Monaco Grand Prix,10/05/1970,\N,Circuit de Monaco,Monte-Carlo,Monaco
646,1970,4,13,Belgian Grand Prix,07/06/1970,\N,Circuit de Spa-Francorchamps,Spa,Belgium
647,1970,5,39,Dutch Grand Prix,21/06/1970,\N,Circuit Park Zandvoort,Zandvoort,Netherlands
648,1970,6,51,French Grand Prix,05/07/1970,\N,Charade Circuit,Clermont-Ferrand,France
649,1970,7,38,British Grand Prix,18/07/1970,\N,Brands Hatch,Kent,UK
650,1970,8,10,German Grand Prix,02/08/1970,\N,Hockenheimring,Hockenheim,Germany
651,1970,9,23,Austrian Grand Prix,16/08/1970,\N,A1-Ring,Spielburg,Austria
652,1970,10,14,Italian Grand Prix,06/09/1970,\N,Autodromo Nazionale di Monza,Monza,Italy
653,1970,11,52,Canadian Grand Prix,20/09/1970,\N,Circuit Mont-Tremblant,Quebec,Canada
654,1970,12,46,United States Grand Prix,04/10/1970,\N,Watkins Glen,New York State,USA
655,1970,13,32,Mexican Grand Prix,25/10/1970,\N,Autódromo Hermanos Rodríguez,Mexico City,Mexico
656,1969,1,30,South African Grand Prix,01/03/1969,\N,Kyalami,Midrand,South Africa
657,1969,2,49,Spanish Grand Prix,04/05/1969,\N,Montjuïc,Barcelona,Spain
658,1969,3,6,Monaco Grand Prix,18/05/1969,\N,Circuit de Monaco,Monte-Carlo,Monaco
659,1969,4,39,Dutch Grand Prix,21/06/1969,\N,Circuit Park Zandvoort,Zandvoort,Netherlands
660,1969,5,51,French Grand Prix,06/07/1969,\N,Charade Circuit,Clermont-Ferrand,France
661,1969,6,9,British Grand Prix,19/07/1969,\N,Silverstone Circuit,Silverstone,UK
662,1969,7,20,German Grand Prix,03/08/1969,\N,Nürburgring,Nürburg,Germany
663,1969,8,14,Italian Grand Prix,07/09/1969,\N,Autodromo Nazionale di Monza,Monza,Italy
664,1969,9,48,Canadian Grand Prix,20/09/1969,\N,Mosport International Raceway,Ontario,Canada
665,1969,10,46,United States Grand Prix,05/10/1969,\N,Watkins Glen,New York State,USA
666,1969,11,32,Mexican Grand Prix,19/10/1969,\N,Autódromo Hermanos Rodríguez,Mexico City,Mexico
667,1968,1,30,South African Grand Prix,01/01/1968,\N,Kyalami,Midrand,South Africa
668,1968,2,45,Spanish Grand Prix,12/05/1968,\N,Jarama,Madrid,Spain
669,1968,3,6,Monaco Grand Prix,26/05/1968,\N,Circuit de Monaco,Monte-Carlo,Monaco
670,1968,4,13,Belgian Grand Prix,09/06/1968,\N,Circuit de Spa-Francorchamps,Spa,Belgium
671,1968,5,39,Dutch Grand Prix,23/06/1968,\N,Circuit Park Zandvoort,Zandvoort,Netherlands
672,1968,6,53,French Grand Prix,07/07/1968,\N,Rouen-Les-Essarts,Rouen,France
673,1968,7,38,British Grand Prix,20/07/1968,\N,Brands Hatch,Kent,UK
674,1968,8,20,German Grand Prix,04/08/1968,\N,Nürburgring,Nürburg,Germany
675,1968,9,14,Italian Grand Prix,08/09/1968,\N,Autodromo Nazionale di Monza,Monza,Italy
676,1968,10,52,Canadian Grand Prix,22/09/1968,\N,Circuit Mont-Tremblant,Quebec,Canada
677,1968,11,46,United States Grand Prix,06/10/1968,\N,Watkins Glen,New York State,USA
678,1968,12,32,Mexican Grand Prix,03/11/1968,\N,Autódromo Hermanos Rodríguez,Mexico City,Mexico
679,1967,1,30,South African Grand Prix,02/01/1967,\N,Kyalami,Midrand,South Africa
680,1967,2,6,Monaco Grand Prix,07/05/1967,\N,Circuit de Monaco,Monte-Carlo,Monaco
681,1967,3,39,Dutch Grand Prix,04/06/1967,\N,Circuit Park Zandvoort,Zandvoort,Netherlands
682,1967,4,13,Belgian Grand Prix,18/06/1967,\N,Circuit de Spa-Francorchamps,Spa,Belgium
683,1967,5,54,French Grand Prix,02/07/1967,\N,Le Mans,Le Mans,France
684,1967,6,9,British Grand Prix,15/07/1967,\N,Silverstone Circuit,Silverstone,UK
685,1967,7,20,German Grand Prix,06/08/1967,\N,Nürburgring,Nürburg,Germany
686,1967,8,48,Canadian Grand Prix,27/08/1967,\N,Mosport International Raceway,Ontario,Canada
687,1967,9,14,Italian Grand Prix,10/09/1967,\N,Autodromo Nazionale di Monza,Monza,Italy
688,1967,10,46,United States Grand Prix,01/10/1967,\N,Watkins Glen,New York State,USA
689,1967,11,32,Mexican Grand Prix,22/10/1967,\N,Autódromo Hermanos Rodríguez,Mexico City,Mexico
690,1966,1,6,Monaco Grand Prix,22/05/1966,\N,Circuit de Monaco,Monte-Carlo,Monaco
691,1966,2,13,Belgian Grand Prix,12/06/1966,\N,Circuit de Spa-Francorchamps,Spa,Belgium
692,1966,3,55,French Grand Prix,03/07/1966,\N,Reims-Gueux,Reims,France
693,1966,4,38,British Grand Prix,16/07/1966,\N,Brands Hatch,Kent,UK
694,1966,5,39,Dutch Grand Prix,24/07/1966,\N,Circuit Park Zandvoort,Zandvoort,Netherlands
695,1966,6,20,German Grand Prix,07/08/1966,\N,Nürburgring,Nürburg,Germany
696,1966,7,14,Italian Grand Prix,04/09/1966,\N,Autodromo Nazionale di Monza,Monza,Italy
697,1966,8,46,United States Grand Prix,02/10/1966,\N,Watkins Glen,New York State,USA
698,1966,9,32,Mexican Grand Prix,23/10/1966,\N,Autódromo Hermanos Rodríguez,Mexico City,Mexico
699,1965,1,56,South African Grand Prix,01/01/1965,\N,Prince George Circuit,Eastern Cape Province,South Africa
700,1965,2,6,Monaco Grand Prix,30/05/1965,\N,Circuit de Monaco,Monte-Carlo,Monaco
701,1965,3,13,Belgian Grand Prix,13/06/1965,\N,Circuit de Spa-Francorchamps,Spa,Belgium
702,1965,4,51,French Grand Prix,27/06/1965,\N,Charade Circuit,Clermont-Ferrand,France
703,1965,5,9,British Grand Prix,10/07/1965,\N,Silverstone Circuit,Silverstone,UK
704,1965,6,39,Dutch Grand Prix,18/07/1965,\N,Circuit Park Zandvoort,Zandvoort,Netherlands
705,1965,7,20,German Grand Prix,01/08/1965,\N,Nürburgring,Nürburg,Germany
706,1965,8,14,Italian Grand Prix,12/09/1965,\N,Autodromo Nazionale di Monza,Monza,Italy
707,1965,9,46,United States Grand Prix,03/10/1965,\N,Watkins Glen,New York State,USA
708,1965,10,32,Mexican Grand Prix,24/10/1965,\N,Autódromo Hermanos Rodríguez,Mexico City,Mexico
709,1964,1,6,Monaco Grand Prix,10/05/1964,\N,Circuit de Monaco,Monte-Carlo,Monaco
710,1964,2,39,Dutch Grand Prix,24/05/1964,\N,Circuit Park Zandvoort,Zandvoort,Netherlands
711,1964,3,13,Belgian Grand Prix,14/06/1964,\N,Circuit de Spa-Francorchamps,Spa,Belgium
712,1964,4,53,French Grand Prix,28/06/1964,\N,Rouen-Les-Essarts,Rouen,France
713,1964,5,38,British Grand Prix,11/07/1964,\N,Brands Hatch,Kent,UK
714,1964,6,20,German Grand Prix,02/08/1964,\N,Nürburgring,Nürburg,Germany
715,1964,7,57,Austrian Grand Prix,23/08/1964,\N,Zeltweg,Styria,Austria
716,1964,8,14,Italian Grand Prix,06/09/1964,\N,Autodromo Nazionale di Monza,Monza,Italy
717,1964,9,46,United States Grand Prix,04/10/1964,\N,Watkins Glen,New York State,USA
718,1964,10,32,Mexican Grand Prix,25/10/1964,\N,Autódromo Hermanos Rodríguez,Mexico City,Mexico
719,1963,1,6,Monaco Grand Prix,26/05/1963,\N,Circuit de Monaco,Monte-Carlo,Monaco
720,1963,2,13,Belgian Grand Prix,09/06/1963,\N,Circuit de Spa-Francorchamps,Spa,Belgium
721,1963,3,39,Dutch Grand Prix,23/06/1963,\N,Circuit Park Zandvoort,Zandvoort,Netherlands
722,1963,4,55,French Grand Prix,30/06/1963,\N,Reims-Gueux,Reims,France
723,1963,5,9,British Grand Prix,20/07/1963,\N,Silverstone Circuit,Silverstone,UK
724,1963,6,20,German Grand Prix,04/08/1963,\N,Nürburgring,Nürburg,Germany
725,1963,7,14,Italian Grand Prix,08/09/1963,\N,Autodromo Nazionale di Monza,Monza,Italy
726,1963,8,46,United States Grand Prix,06/10/1963,\N,Watkins Glen,New York State,USA
727,1963,9,32,Mexican Grand Prix,27/10/1963,\N,Autódromo Hermanos Rodríguez,Mexico City,Mexico
728,1963,10,56,South African Grand Prix,28/12/1963,\N,Prince George Circuit,Eastern Cape Province,South Africa
729,1962,1,39,Dutch Grand Prix,20/05/1962,\N,Circuit Park Zandvoort,Zandvoort,Netherlands
730,1962,2,6,Monaco Grand Prix,03/06/1962,\N,Circuit de Monaco,Monte-Carlo,Monaco
731,1962,3,13,Belgian Grand Prix,17/06/1962,\N,Circuit de Spa-Francorchamps,Spa,Belgium
732,1962,4,53,French Grand Prix,08/07/1962,\N,Rouen-Les-Essarts,Rouen,France
733,1962,5,58,British Grand Prix,21/07/1962,\N,Aintree,Liverpool,UK
734,1962,6,20,German Grand Prix,05/08/1962,\N,Nürburgring,Nürburg,Germany
735,1962,7,14,Italian Grand Prix,16/09/1962,\N,Autodromo Nazionale di Monza,Monza,Italy
736,1962,8,46,United States Grand Prix,07/10/1962,\N,Watkins Glen,New York State,USA
737,1962,9,56,South African Grand Prix,29/12/1962,\N,Prince George Circuit,Eastern Cape Province,South Africa
738,1961,1,6,Monaco Grand Prix,14/05/1961,\N,Circuit de Monaco,Monte-Carlo,Monaco
739,1961,2,39,Dutch Grand Prix,22/05/1961,\N,Circuit Park Zandvoort,Zandvoort,Netherlands
740,1961,3,13,Belgian Grand Prix,18/06/1961,\N,Circuit de Spa-Francorchamps,Spa,Belgium
741,1961,4,55,French Grand Prix,02/07/1961,\N,Reims-Gueux,Reims,France
742,1961,5,58,British Grand Prix,15/07/1961,\N,Aintree,Liverpool,UK
743,1961,6,20,German Grand Prix,06/08/1961,\N,Nürburgring,Nürburg,Germany
744,1961,7,14,Italian Grand Prix,10/09/1961,\N,Autodromo Nazionale di Monza,Monza,Italy
745,1961,8,46,United States Grand Prix,08/10/1961,\N,Watkins Glen,New York State,USA
746,1960,1,25,Argentine Grand Prix,07/02/1960,\N,Autódromo Juan y Oscar Gálvez,Buenos Aires,Argentina
747,1960,2,6,Monaco Grand Prix,29/05/1960,\N,Circuit de Monaco,Monte-Carlo,Monaco
748,1960,3,19,Indianapolis 500,30/05/1960,\N,Indianapolis Motor Speedway,Indianapolis,USA
749,1960,4,39,Dutch Grand Prix,06/06/1960,\N,Circuit Park Zandvoort,Zandvoort,Netherlands
750,1960,5,13,Belgian Grand Prix,19/06/1960,\N,Circuit de Spa-Francorchamps,Spa,Belgium
751,1960,6,55,French Grand Prix,03/07/1960,\N,Reims-Gueux,Reims,France
752,1960,7,9,British Grand Prix,16/07/1960,\N,Silverstone Circuit,Silverstone,UK
753,1960,8,59,Portuguese Grand Prix,14/08/1960,\N,Circuito da Boavista,Oporto,Portugal
754,1960,9,14,Italian Grand Prix,04/09/1960,\N,Autodromo Nazionale di Monza,Monza,Italy
755,1960,10,60,United States Grand Prix,20/11/1960,\N,Riverside International Raceway,California,USA
756,1959,1,6,Monaco Grand Prix,10/05/1959,\N,Circuit de Monaco,Monte-Carlo,Monaco
757,1959,2,19,Indianapolis 500,30/05/1959,\N,Indianapolis Motor Speedway,Indianapolis,USA
758,1959,3,39,Dutch Grand Prix,31/05/1959,\N,Circuit Park Zandvoort,Zandvoort,Netherlands
759,1959,4,55,French Grand Prix,05/07/1959,\N,Reims-Gueux,Reims,France
760,1959,5,58,British Grand Prix,18/07/1959,\N,Aintree,Liverpool,UK
761,1959,6,61,German Grand Prix,02/08/1959,\N,AVUS,Berlin,Germany
762,1959,7,62,Portuguese Grand Prix,23/08/1959,\N,Monsanto Park Circuit,Lisbon,Portugal
763,1959,8,14,Italian Grand Prix,13/09/1959,\N,Autodromo Nazionale di Monza,Monza,Italy
764,1959,9,63,United States Grand Prix,12/12/1959,\N,Sebring International Raceway,Florida,USA
765,1958,1,25,Argentine Grand Prix,19/01/1958,\N,Autódromo Juan y Oscar Gálvez,Buenos Aires,Argentina
766,1958,2,6,Monaco Grand Prix,18/05/1958,\N,Circuit de Monaco,Monte-Carlo,Monaco
767,1958,3,39,Dutch Grand Prix,26/05/1958,\N,Circuit Park Zandvoort,Zandvoort,Netherlands
768,1958,4,19,Indianapolis 500,30/05/1958,\N,Indianapolis Motor Speedway,Indianapolis,USA
769,1958,5,13,Belgian Grand Prix,15/06/1958,\N,Circuit de Spa-Francorchamps,Spa,Belgium
770,1958,6,55,French Grand Prix,06/07/1958,\N,Reims-Gueux,Reims,France
771,1958,7,9,British Grand Prix,19/07/1958,\N,Silverstone Circuit,Silverstone,UK
772,1958,8,20,German Grand Prix,03/08/1958,\N,Nürburgring,Nürburg,Germany
773,1958,9,59,Portuguese Grand Prix,24/08/1958,\N,Circuito da Boavista,Oporto,Portugal
774,1958,10,14,Italian Grand Prix,07/09/1958,\N,Autodromo Nazionale di Monza,Monza,Italy
775,1958,11,64,Moroccan Grand Prix,19/10/1958,\N,Ain Diab,Casablanca,Morocco
776,1957,1,25,Argentine Grand Prix,13/01/1957,\N,Autódromo Juan y Oscar Gálvez,Buenos Aires,Argentina
777,1957,2,6,Monaco Grand Prix,19/05/1957,\N,Circuit de Monaco,Monte-Carlo,Monaco
778,1957,3,19,Indianapolis 500,30/05/1957,\N,Indianapolis Motor Speedway,Indianapolis,USA
779,1957,4,53,French Grand Prix,07/07/1957,\N,Rouen-Les-Essarts,Rouen,France
780,1957,5,58,British Grand Prix,20/07/1957,\N,Aintree,Liverpool,UK
781,1957,6,20,German Grand Prix,04/08/1957,\N,Nürburgring,Nürburg,Germany
782,1957,7,65,Pescara Grand Prix,18/08/1957,\N,Pescara Circuit,Pescara,Italy
783,1957,8,14,Italian Grand Prix,08/09/1957,\N,Autodromo Nazionale di Monza,Monza,Italy
784,1956,1,25,Argentine Grand Prix,22/01/1956,\N,Autódromo Juan y Oscar Gálvez,Buenos Aires,Argentina
785,1956,2,6,Monaco Grand Prix,13/05/1956,\N,Circuit de Monaco,Monte-Carlo,Monaco
786,1956,3,19,Indianapolis 500,30/05/1956,\N,Indianapolis Motor Speedway,Indianapolis,USA
787,1956,4,13,Belgian Grand Prix,03/06/1956,\N,Circuit de Spa-Francorchamps,Spa,Belgium
788,1956,5,55,French Grand Prix,01/07/1956,\N,Reims-Gueux,Reims,France
789,1956,6,9,British Grand Prix,14/07/1956,\N,Silverstone Circuit,Silverstone,UK
790,1956,7,20,German Grand Prix,05/08/1956,\N,Nürburgring,Nürburg,Germany
791,1956,8,14,Italian Grand Prix,02/09/1956,\N,Autodromo Nazionale di Monza,Monza,Italy
792,1955,1,25,Argentine Grand Prix,16/01/1955,\N,Autódromo Juan y Oscar Gálvez,Buenos Aires,Argentina
793,1955,2,6,Monaco Grand Prix,22/05/1955,\N,Circuit de Monaco,Monte-Carlo,Monaco
794,1955,3,19,Indianapolis 500,30/05/1955,\N,Indianapolis Motor Speedway,Indianapolis,USA
795,1955,4,13,Belgian Grand Prix,05/06/1955,\N,Circuit de Spa-Francorchamps,Spa,Belgium
796,1955,5,39,Dutch Grand Prix,19/06/1955,\N,Circuit Park Zandvoort,Zandvoort,Netherlands
797,1955,6,58,British Grand Prix,16/07/1955,\N,Aintree,Liverpool,UK
798,1955,7,14,Italian Grand Prix,11/09/1955,\N,Autodromo Nazionale di Monza,Monza,Italy
799,1954,1,25,Argentine Grand Prix,17/01/1954,\N,Autódromo Juan y Oscar Gálvez,Buenos Aires,Argentina
800,1954,2,19,Indianapolis 500,31/05/1954,\N,Indianapolis Motor Speedway,Indianapolis,USA
801,1954,3,13,Belgian Grand Prix,20/06/1954,\N,Circuit de Spa-Francorchamps,Spa,Belgium
802,1954,4,55,French Grand Prix,04/07/1954,\N,Reims-Gueux,Reims,France
803,1954,5,9,British Grand Prix,17/07/1954,\N,Silverstone Circuit,Silverstone,UK
804,1954,6,20,German Grand Prix,01/08/1954,\N,Nürburgring,Nürburg,Germany
805,1954,7,66,Swiss Grand Prix,22/08/1954,\N,Circuit Bremgarten,Bern,Switzerland
806,1954,8,14,Italian Grand Prix,05/09/1954,\N,Autodromo Nazionale di Monza,Monza,Italy
807,1954,9,67,Spanish Grand Prix,24/10/1954,\N,Circuit de Pedralbes,Barcelona,Spain
808,1953,1,25,Argentine Grand Prix,18/01/1953,\N,Autódromo Juan y Oscar Gálvez,Buenos Aires,Argentina
809,1953,2,19,Indianapolis 500,30/05/1953,\N,Indianapolis Motor Speedway,Indianapolis,USA
810,1953,3,39,Dutch Grand Prix,07/06/1953,\N,Circuit Park Zandvoort,Zandvoort,Netherlands
811,1953,4,13,Belgian Grand Prix,21/06/1953,\N,Circuit de Spa-Francorchamps,Spa,Belgium
812,1953,5,55,French Grand Prix,05/07/1953,\N,Reims-Gueux,Reims,France
813,1953,6,9,British Grand Prix,18/07/1953,\N,Silverstone Circuit,Silverstone,UK
814,1953,7,20,German Grand Prix,02/08/1953,\N,Nürburgring,Nürburg,Germany
815,1953,8,66,Swiss Grand Prix,23/08/1953,\N,Circuit Bremgarten,Bern,Switzerland
816,1953,9,14,Italian Grand Prix,13/09/1953,\N,Autodromo Nazionale di Monza,Monza,Italy
817,1952,1,66,Swiss Grand Prix,18/05/1952,\N,Circuit Bremgarten,Bern,Switzerland
818,1952,2,19,Indianapolis 500,30/05/1952,\N,Indianapolis Motor Speedway,Indianapolis,USA
819,1952,3,13,Belgian Grand Prix,22/06/1952,\N,Circuit de Spa-Francorchamps,Spa,Belgium
820,1952,4,53,French Grand Prix,06/07/1952,\N,Rouen-Les-Essarts,Rouen,France
821,1952,5,9,British Grand Prix,19/07/1952,\N,Silverstone Circuit,Silverstone,UK
822,1952,6,20,German Grand Prix,03/08/1952,\N,Nürburgring,Nürburg,Germany
823,1952,7,39,Dutch Grand Prix,17/08/1952,\N,Circuit Park Zandvoort,Zandvoort,Netherlands
824,1952,8,14,Italian Grand Prix,07/09/1952,\N,Autodromo Nazionale di Monza,Monza,Italy
825,1951,1,66,Swiss Grand Prix,27/05/1951,\N,Circuit Bremgarten,Bern,Switzerland
826,1951,2,19,Indianapolis 500,30/05/1951,\N,Indianapolis Motor Speedway,Indianapolis,USA
827,1951,3,13,Belgian Grand Prix,17/06/1951,\N,Circuit de Spa-Francorchamps,Spa,Belgium
828,1951,4,55,French Grand Prix,01/07/1951,\N,Reims-Gueux,Reims,France
829,1951,5,9,British Grand Prix,14/07/1951,\N,Silverstone Circuit,Silverstone,UK
830,1951,6,20,German Grand Prix,29/07/1951,\N,Nürburgring,Nürburg,Germany
831,1951,7,14,Italian Grand Prix,16/09/1951,\N,Autodromo Nazionale di Monza,Monza,Italy
832,1951,8,67,Spanish Grand Prix,28/10/1951,\N,Circuit de Pedralbes,Barcelona,Spain
833,1950,1,9,British Grand Prix,13/05/1950,\N,Silverstone Circuit,Silverstone,UK
834,1950,2,6,Monaco Grand Prix,21/05/1950,\N,Circuit de Monaco,Monte-Carlo,Monaco
835,1950,3,19,Indianapolis 500,30/05/1950,\N,Indianapolis Motor Speedway,Indianapolis,USA
836,1950,4,66,Swiss Grand Prix,04/06/1950,\N,Circuit Bremgarten,Bern,Switzerland
837,1950,5,13,Belgian Grand Prix,18/06/1950,\N,Circuit de Spa-Francorchamps,Spa,Belgium
838,1950,6,55,French Grand Prix,02/07/1950,\N,Reims-Gueux,Reims,France
839,1950,7,14,Italian Grand Prix,03/09/1950,\N,Autodromo Nazionale di Monza,Monza,Italy
841,2011,1,1,Australian Grand Prix,27/03/2011,6:00:00,Albert Park Grand Prix Circuit,Melbourne,Australia
842,2011,2,2,Malaysian Grand Prix,10/04/2011,8:00:00,Sepang International Circuit,Kuala Lumpur,Malaysia
843,2011,3,17,Chinese Grand Prix,17/04/2011,7:00:00,Shanghai International Circuit,Shanghai,China
844,2011,4,5,Turkish Grand Prix,08/05/2011,12:00:00,Istanbul Park,Istanbul,Turkey
845,2011,5,4,Spanish Grand Prix,22/05/2011,12:00:00,Circuit de Barcelona-Catalunya,Montmeló,Spain
846,2011,6,6,Monaco Grand Prix,29/05/2011,12:00:00,Circuit de Monaco,Monte-Carlo,Monaco
847,2011,7,7,Canadian Grand Prix,12/06/2011,17:00:00,Circuit Gilles Villeneuve,Montreal,Canada
848,2011,8,12,European Grand Prix,26/06/2011,12:00:00,Valencia Street Circuit,Valencia,Spain
849,2011,9,9,British Grand Prix,10/07/2011,12:00:00,Silverstone Circuit,Silverstone,UK
850,2011,10,20,German Grand Prix,24/07/2011,12:00:00,Nürburgring,Nürburg,Germany
851,2011,11,11,Hungarian Grand Prix,31/07/2011,12:00:00,Hungaroring,Budapest,Hungary
852,2011,12,13,Belgian Grand Prix,28/08/2011,12:00:00,Circuit de Spa-Francorchamps,Spa,Belgium
853,2011,13,14,Italian Grand Prix,11/09/2011,12:00:00,Autodromo Nazionale di Monza,Monza,Italy
854,2011,14,15,Singapore Grand Prix,25/09/2011,12:00:00,Marina Bay Street Circuit,Marina Bay,Singapore
855,2011,15,22,Japanese Grand Prix,09/10/2011,6:00:00,Suzuka Circuit,Suzuka,Japan
856,2011,16,35,Korean Grand Prix,16/10/2011,6:00:00,Korean International Circuit,Yeongam County,Korea
857,2011,17,68,Indian Grand Prix,30/10/2011,9:30:00,Buddh International Circuit,Uttar Pradesh,India
858,2011,18,24,Abu Dhabi Grand Prix,13/11/2011,13:00:00,Yas Marina Circuit,Abu Dhabi,UAE
859,2011,19,18,Brazilian Grand Prix,27/11/2011,16:00:00,Autódromo José Carlos Pace,São Paulo,Brazil
860,2012,1,1,Australian Grand Prix,18/03/2012,6:00:00,Albert Park Grand Prix Circuit,Melbourne,Australia
861,2012,2,2,Malaysian Grand Prix,25/03/2012,8:00:00,Sepang International Circuit,Kuala Lumpur,Malaysia
862,2012,3,17,Chinese Grand Prix,15/04/2012,7:00:00,Shanghai International Circuit,Shanghai,China
863,2012,4,3,Bahrain Grand Prix,22/04/2012,12:00:00,Bahrain International Circuit,Sakhir,Bahrain
864,2012,5,4,Spanish Grand Prix,13/05/2012,12:00:00,Circuit de Barcelona-Catalunya,Montmeló,Spain
865,2012,6,6,Monaco Grand Prix,27/05/2012,12:00:00,Circuit de Monaco,Monte-Carlo,Monaco
866,2012,7,7,Canadian Grand Prix,10/06/2012,18:00:00,Circuit Gilles Villeneuve,Montreal,Canada
867,2012,8,12,European Grand Prix,24/06/2012,12:00:00,Valencia Street Circuit,Valencia,Spain
868,2012,9,9,British Grand Prix,08/07/2012,12:00:00,Silverstone Circuit,Silverstone,UK
869,2012,10,10,German Grand Prix,22/07/2012,12:00:00,Hockenheimring,Hockenheim,Germany
870,2012,11,11,Hungarian Grand Prix,29/07/2012,12:00:00,Hungaroring,Budapest,Hungary
871,2012,12,13,Belgian Grand Prix,02/09/2012,12:00:00,Circuit de Spa-Francorchamps,Spa,Belgium
872,2012,13,14,Italian Grand Prix,09/09/2012,12:00:00,Autodromo Nazionale di Monza,Monza,Italy
873,2012,14,15,Singapore Grand Prix,23/09/2012,12:00:00,Marina Bay Street Circuit,Marina Bay,Singapore
874,2012,15,22,Japanese Grand Prix,07/10/2012,6:00:00,Suzuka Circuit,Suzuka,Japan
875,2012,16,35,Korean Grand Prix,14/10/2012,6:00:00,Korean International Circuit,Yeongam County,Korea
876,2012,17,68,Indian Grand Prix,28/10/2012,9:30:00,Buddh International Circuit,Uttar Pradesh,India
877,2012,18,24,Abu Dhabi Grand Prix,04/11/2012,13:00:00,Yas Marina Circuit,Abu Dhabi,UAE
878,2012,19,69,United States Grand Prix,18/11/2012,19:00:00,Circuit of the Americas,Austin,USA
879,2012,20,18,Brazilian Grand Prix,25/11/2012,16:00:00,Autódromo José Carlos Pace,São Paulo,Brazil
880,2013,1,1,Australian Grand Prix,17/03/2013,6:00:00,Albert Park Grand Prix Circuit,Melbourne,Australia
881,2013,2,2,Malaysian Grand Prix,24/03/2013,8:00:00,Sepang International Circuit,Kuala Lumpur,Malaysia
882,2013,3,17,Chinese Grand Prix,14/04/2013,7:00:00,Shanghai International Circuit,Shanghai,China
883,2013,4,3,Bahrain Grand Prix,21/04/2013,12:00:00,Bahrain International Circuit,Sakhir,Bahrain
884,2013,5,4,Spanish Grand Prix,12/05/2013,12:00:00,Circuit de Barcelona-Catalunya,Montmeló,Spain
885,2013,6,6,Monaco Grand Prix,26/05/2013,12:00:00,Circuit de Monaco,Monte-Carlo,Monaco
886,2013,7,7,Canadian Grand Prix,09/06/2013,18:00:00,Circuit Gilles Villeneuve,Montreal,Canada
887,2013,8,9,British Grand Prix,30/06/2013,12:00:00,Silverstone Circuit,Silverstone,UK
888,2013,9,20,German Grand Prix,07/07/2013,12:00:00,Nürburgring,Nürburg,Germany
890,2013,10,11,Hungarian Grand Prix,28/07/2013,12:00:00,Hungaroring,Budapest,Hungary
891,2013,11,13,Belgian Grand Prix,25/08/2013,12:00:00,Circuit de Spa-Francorchamps,Spa,Belgium
892,2013,12,14,Italian Grand Prix,08/09/2013,12:00:00,Autodromo Nazionale di Monza,Monza,Italy
893,2013,13,15,Singapore Grand Prix,22/09/2013,12:00:00,Marina Bay Street Circuit,Marina Bay,Singapore
894,2013,14,35,Korean Grand Prix,06/10/2013,6:00:00,Korean International Circuit,Yeongam County,Korea
895,2013,15,22,Japanese Grand Prix,13/10/2013,6:00:00,Suzuka Circuit,Suzuka,Japan
896,2013,16,68,Indian Grand Prix,27/10/2013,9:30:00,Buddh International Circuit,Uttar Pradesh,India
897,2013,17,24,Abu Dhabi Grand Prix,03/11/2013,13:00:00,Yas Marina Circuit,Abu Dhabi,UAE
898,2013,18,69,United States Grand Prix,17/11/2013,19:00:00,Circuit of the Americas,Austin,USA
899,2013,19,18,Brazilian Grand Prix,24/11/2013,16:00:00,Autódromo José Carlos Pace,São Paulo,Brazil
900,2014,1,1,Australian Grand Prix,16/03/2014,6:00:00,Albert Park Grand Prix Circuit,Melbourne,Australia
901,2014,2,2,Malaysian Grand Prix,30/03/2014,8:00:00,Sepang International Circuit,Kuala Lumpur,Malaysia
902,2014,3,3,Bahrain Grand Prix,06/04/2014,15:00:00,Bahrain International Circuit,Sakhir,Bahrain
903,2014,4,17,Chinese Grand Prix,20/04/2014,7:00:00,Shanghai International Circuit,Shanghai,China
904,2014,5,4,Spanish Grand Prix,11/05/2014,12:00:00,Circuit de Barcelona-Catalunya,Montmeló,Spain
905,2014,6,6,Monaco Grand Prix,25/05/2014,12:00:00,Circuit de Monaco,Monte-Carlo,Monaco
906,2014,7,7,Canadian Grand Prix,08/06/2014,18:00:00,Circuit Gilles Villeneuve,Montreal,Canada
907,2014,8,70,Austrian Grand Prix,22/06/2014,12:00:00,Red Bull Ring,Spielburg,Austria
908,2014,9,9,British Grand Prix,06/07/2014,12:00:00,Silverstone Circuit,Silverstone,UK
909,2014,10,10,German Grand Prix,20/07/2014,12:00:00,Hockenheimring,Hockenheim,Germany
910,2014,11,11,Hungarian Grand Prix,27/07/2014,12:00:00,Hungaroring,Budapest,Hungary
911,2014,12,13,Belgian Grand Prix,24/08/2014,12:00:00,Circuit de Spa-Francorchamps,Spa,Belgium
912,2014,13,14,Italian Grand Prix,07/09/2014,12:00:00,Autodromo Nazionale di Monza,Monza,Italy
913,2014,14,15,Singapore Grand Prix,21/09/2014,12:00:00,Marina Bay Street Circuit,Marina Bay,Singapore
914,2014,15,22,Japanese Grand Prix,05/10/2014,6:00:00,Suzuka Circuit,Suzuka,Japan
915,2014,16,71,Russian Grand Prix,12/10/2014,11:00:00,Sochi Autodrom,Sochi,Russia
916,2014,17,69,United States Grand Prix,02/11/2014,20:00:00,Circuit of the Americas,Austin,USA
917,2014,18,18,Brazilian Grand Prix,09/11/2014,16:00:00,Autódromo José Carlos Pace,São Paulo,Brazil
918,2014,19,24,Abu Dhabi Grand Prix,23/11/2014,13:00:00,Yas Marina Circuit,Abu Dhabi,UAE
931,2015,6,6,Monaco Grand Prix,24/05/2015,12:00:00,Circuit de Monaco,Monte-Carlo,Monaco
932,2015,7,7,Canadian Grand Prix,07/06/2015,18:00:00,Circuit Gilles Villeneuve,Montreal,Canada
929,2015,4,3,Bahrain Grand Prix,19/04/2015,15:00:00,Bahrain International Circuit,Sakhir,Bahrain
930,2015,5,4,Spanish Grand Prix,10/05/2015,12:00:00,Circuit de Barcelona-Catalunya,Montmeló,Spain
928,2015,3,17,Chinese Grand Prix,12/04/2015,6:00:00,Shanghai International Circuit,Shanghai,China
926,2015,1,1,Australian Grand Prix,15/03/2015,5:00:00,Albert Park Grand Prix Circuit,Melbourne,Australia
927,2015,2,2,Malaysian Grand Prix,29/03/2015,7:00:00,Sepang International Circuit,Kuala Lumpur,Malaysia
933,2015,8,70,Austrian Grand Prix,21/06/2015,12:00:00,Red Bull Ring,Spielburg,Austria
934,2015,9,9,British Grand Prix,05/07/2015,12:00:00,Silverstone Circuit,Silverstone,UK
936,2015,10,11,Hungarian Grand Prix,26/07/2015,12:00:00,Hungaroring,Budapest,Hungary
937,2015,11,13,Belgian Grand Prix,23/08/2015,12:00:00,Circuit de Spa-Francorchamps,Spa,Belgium
938,2015,12,14,Italian Grand Prix,06/09/2015,12:00:00,Autodromo Nazionale di Monza,Monza,Italy
939,2015,13,15,Singapore Grand Prix,20/09/2015,12:00:00,Marina Bay Street Circuit,Marina Bay,Singapore
940,2015,14,22,Japanese Grand Prix,27/09/2015,5:00:00,Suzuka Circuit,Suzuka,Japan
941,2015,15,71,Russian Grand Prix,11/10/2015,11:00:00,Sochi Autodrom,Sochi,Russia
942,2015,16,69,United States Grand Prix,25/10/2015,19:00:00,Circuit of the Americas,Austin,USA
943,2015,17,32,Mexican Grand Prix,01/11/2015,19:00:00,Autódromo Hermanos Rodríguez,Mexico City,Mexico
944,2015,18,18,Brazilian Grand Prix,15/11/2015,16:00:00,Autódromo José Carlos Pace,São Paulo,Brazil
945,2015,19,24,Abu Dhabi Grand Prix,29/11/2015,13:00:00,Yas Marina Circuit,Abu Dhabi,UAE
948,2016,1,1,Australian Grand Prix,20/03/2016,5:00:00,Albert Park Grand Prix Circuit,Melbourne,Australia
949,2016,2,3,Bahrain Grand Prix,03/04/2016,15:00:00,Bahrain International Circuit,Sakhir,Bahrain
950,2016,3,17,Chinese Grand Prix,17/04/2016,6:00:00,Shanghai International Circuit,Shanghai,China
951,2016,4,71,Russian Grand Prix,01/05/2016,12:00:00,Sochi Autodrom,Sochi,Russia
952,2016,5,4,Spanish Grand Prix,15/05/2016,12:00:00,Circuit de Barcelona-Catalunya,Montmeló,Spain
953,2016,6,6,Monaco Grand Prix,29/05/2016,12:00:00,Circuit de Monaco,Monte-Carlo,Monaco
954,2016,7,7,Canadian Grand Prix,12/06/2016,18:00:00,Circuit Gilles Villeneuve,Montreal,Canada
955,2016,8,73,European Grand Prix,19/06/2016,13:00:00,Baku City Circuit,Baku,Azerbaijan
956,2016,9,70,Austrian Grand Prix,03/07/2016,12:00:00,Red Bull Ring,Spielburg,Austria
957,2016,10,9,British Grand Prix,10/07/2016,12:00:00,Silverstone Circuit,Silverstone,UK
958,2016,11,11,Hungarian Grand Prix,24/07/2016,12:00:00,Hungaroring,Budapest,Hungary
959,2016,12,10,German Grand Prix,31/07/2016,12:00:00,Hockenheimring,Hockenheim,Germany
960,2016,13,13,Belgian Grand Prix,28/08/2016,12:00:00,Circuit de Spa-Francorchamps,Spa,Belgium
961,2016,14,14,Italian Grand Prix,04/09/2016,12:00:00,Autodromo Nazionale di Monza,Monza,Italy
962,2016,15,15,Singapore Grand Prix,18/09/2016,12:00:00,Marina Bay Street Circuit,Marina Bay,Singapore
963,2016,16,2,Malaysian Grand Prix,02/10/2016,7:00:00,Sepang International Circuit,Kuala Lumpur,Malaysia
964,2016,17,22,Japanese Grand Prix,09/10/2016,5:00:00,Suzuka Circuit,Suzuka,Japan
965,2016,18,69,United States Grand Prix,23/10/2016,19:00:00,Circuit of the Americas,Austin,USA
966,2016,19,32,Mexican Grand Prix,30/10/2016,19:00:00,Autódromo Hermanos Rodríguez,Mexico City,Mexico
967,2016,20,18,Brazilian Grand Prix,13/11/2016,16:00:00,Autódromo José Carlos Pace,São Paulo,Brazil
968,2016,21,24,Abu Dhabi Grand Prix,27/11/2016,13:00:00,Yas Marina Circuit,Abu Dhabi,UAE
969,2017,1,1,Australian Grand Prix,26/03/2017,5:00:00,Albert Park Grand Prix Circuit,Melbourne,Australia
970,2017,2,17,Chinese Grand Prix,09/04/2017,6:00:00,Shanghai International Circuit,Shanghai,China
971,2017,3,3,Bahrain Grand Prix,16/04/2017,15:00:00,Bahrain International Circuit,Sakhir,Bahrain
972,2017,4,71,Russian Grand Prix,30/04/2017,12:00:00,Sochi Autodrom,Sochi,Russia
973,2017,5,4,Spanish Grand Prix,14/05/2017,12:00:00,Circuit de Barcelona-Catalunya,Montmeló,Spain
974,2017,6,6,Monaco Grand Prix,28/05/2017,12:00:00,Circuit de Monaco,Monte-Carlo,Monaco
975,2017,7,7,Canadian Grand Prix,11/06/2017,18:00:00,Circuit Gilles Villeneuve,Montreal,Canada
976,2017,8,73,Azerbaijan Grand Prix,25/06/2017,13:00:00,Baku City Circuit,Baku,Azerbaijan
977,2017,9,70,Austrian Grand Prix,09/07/2017,12:00:00,Red Bull Ring,Spielburg,Austria
978,2017,10,9,British Grand Prix,16/07/2017,12:00:00,Silverstone Circuit,Silverstone,UK
979,2017,11,11,Hungarian Grand Prix,30/07/2017,12:00:00,Hungaroring,Budapest,Hungary
980,2017,12,13,Belgian Grand Prix,27/08/2017,12:00:00,Circuit de Spa-Francorchamps,Spa,Belgium
981,2017,13,14,Italian Grand Prix,03/09/2017,12:00:00,Autodromo Nazionale di Monza,Monza,Italy
982,2017,14,15,Singapore Grand Prix,17/09/2017,12:00:00,Marina Bay Street Circuit,Marina Bay,Singapore
983,2017,15,2,Malaysian Grand Prix,01/10/2017,7:00:00,Sepang International Circuit,Kuala Lumpur,Malaysia
984,2017,16,22,Japanese Grand Prix,08/10/2017,5:00:00,Suzuka Circuit,Suzuka,Japan
985,2017,17,69,United States Grand Prix,22/10/2017,19:00:00,Circuit of the Americas,Austin,USA
986,2017,18,32,Mexican Grand Prix,29/10/2017,19:00:00,Autódromo Hermanos Rodríguez,Mexico City,Mexico
987,2017,19,18,Brazilian Grand Prix,12/11/2017,16:00:00,Autódromo José Carlos Pace,São Paulo,Brazil
988,2017,20,24,Abu Dhabi Grand Prix,26/11/2017,13:00:00,Yas Marina Circuit,Abu Dhabi,UAE
989,2018,1,1,Australian Grand Prix,25/03/2018,5:10:00,Albert Park Grand Prix Circuit,Melbourne,Australia
990,2018,2,3,Bahrain Grand Prix,08/04/2018,15:10:00,Bahrain International Circuit,Sakhir,Bahrain
991,2018,3,17,Chinese Grand Prix,15/04/2018,6:10:00,Shanghai International Circuit,Shanghai,China
992,2018,4,73,Azerbaijan Grand Prix,29/04/2018,12:10:00,Baku City Circuit,Baku,Azerbaijan
993,2018,5,4,Spanish Grand Prix,13/05/2018,13:10:00,Circuit de Barcelona-Catalunya,Montmeló,Spain
994,2018,6,6,Monaco Grand Prix,27/05/2018,13:10:00,Circuit de Monaco,Monte-Carlo,Monaco
995,2018,7,7,Canadian Grand Prix,10/06/2018,18:10:00,Circuit Gilles Villeneuve,Montreal,Canada
996,2018,8,34,French Grand Prix,24/06/2018,14:10:00,Circuit Paul Ricard,Le Castellet,France
997,2018,9,70,Austrian Grand Prix,01/07/2018,13:10:00,Red Bull Ring,Spielburg,Austria
998,2018,10,9,British Grand Prix,08/07/2018,13:10:00,Silverstone Circuit,Silverstone,UK
999,2018,11,10,German Grand Prix,22/07/2018,13:10:00,Hockenheimring,Hockenheim,Germany
1000,2018,12,11,Hungarian Grand Prix,29/07/2018,13:10:00,Hungaroring,Budapest,Hungary
1001,2018,13,13,Belgian Grand Prix,26/08/2018,13:10:00,Circuit de Spa-Francorchamps,Spa,Belgium
1002,2018,14,14,Italian Grand Prix,02/09/2018,13:10:00,Autodromo Nazionale di Monza,Monza,Italy
1003,2018,15,15,Singapore Grand Prix,16/09/2018,12:10:00,Marina Bay Street Circuit,Marina Bay,Singapore
1004,2018,16,71,Russian Grand Prix,30/09/2018,11:10:00,Sochi Autodrom,Sochi,Russia
1005,2018,17,22,Japanese Grand Prix,07/10/2018,5:10:00,Suzuka Circuit,Suzuka,Japan
1006,2018,18,69,United States Grand Prix,21/10/2018,18:10:00,Circuit of the Americas,Austin,USA
1007,2018,19,32,Mexican Grand Prix,28/10/2018,19:10:00,Autódromo Hermanos Rodríguez,Mexico City,Mexico
1008,2018,20,18,Brazilian Grand Prix,11/11/2018,17:10:00,Autódromo José Carlos Pace,São Paulo,Brazil
1009,2018,21,24,Abu Dhabi Grand Prix,25/11/2018,13:10:00,Yas Marina Circuit,Abu Dhabi,UAE
1010,2019,1,1,Australian Grand Prix,17/03/2019,5:10:00,Albert Park Grand Prix Circuit,Melbourne,Australia
1011,2019,2,3,Bahrain Grand Prix,31/03/2019,15:10:00,Bahrain International Circuit,Sakhir,Bahrain
1012,2019,3,17,Chinese Grand Prix,14/04/2019,6:10:00,Shanghai International Circuit,Shanghai,China
1013,2019,4,73,Azerbaijan Grand Prix,28/04/2019,12:10:00,Baku City Circuit,Baku,Azerbaijan
1014,2019,5,4,Spanish Grand Prix,12/05/2019,13:10:00,Circuit de Barcelona-Catalunya,Montmeló,Spain
1015,2019,6,6,Monaco Grand Prix,26/05/2019,13:10:00,Circuit de Monaco,Monte-Carlo,Monaco
1016,2019,7,7,Canadian Grand Prix,09/06/2019,18:10:00,Circuit Gilles Villeneuve,Montreal,Canada
1017,2019,8,34,French Grand Prix,23/06/2019,13:10:00,Circuit Paul Ricard,Le Castellet,France
1018,2019,9,70,Austrian Grand Prix,30/06/2019,13:10:00,Red Bull Ring,Spielburg,Austria
1019,2019,10,9,British Grand Prix,14/07/2019,13:10:00,Silverstone Circuit,Silverstone,UK
1020,2019,11,10,German Grand Prix,28/07/2019,13:10:00,Hockenheimring,Hockenheim,Germany
1021,2019,12,11,Hungarian Grand Prix,04/08/2019,13:10:00,Hungaroring,Budapest,Hungary
1022,2019,13,13,Belgian Grand Prix,01/09/2019,13:10:00,Circuit de Spa-Francorchamps,Spa,Belgium
1023,2019,14,14,Italian Grand Prix,08/09/2019,13:10:00,Autodromo Nazionale di Monza,Monza,Italy
1024,2019,15,15,Singapore Grand Prix,22/09/2019,12:10:00,Marina Bay Street Circuit,Marina Bay,Singapore
1025,2019,16,71,Russian Grand Prix,29/09/2019,11:10:00,Sochi Autodrom,Sochi,Russia
1026,2019,17,22,Japanese Grand Prix,13/10/2019,5:10:00,Suzuka Circuit,Suzuka,Japan
1027,2019,18,32,Mexican Grand Prix,27/10/2019,19:10:00,Autódromo Hermanos Rodríguez,Mexico City,Mexico
1028,2019,19,69,United States Grand Prix,03/11/2019,19:10:00,Circuit of the Americas,Austin,USA
1029,2019,20,18,Brazilian Grand Prix,17/11/2019,17:10:00,Autódromo José Carlos Pace,São Paulo,Brazil
1030,2019,21,24,Abu Dhabi Grand Prix,01/12/2019,13:10:00,Yas Marina Circuit,Abu Dhabi,UAE
1031,2020,1,70,Austrian Grand Prix,05/07/2020,13:10:00,Red Bull Ring,Spielburg,Austria
1032,2020,2,70,Styrian Grand Prix,12/07/2020,13:10:00,Red Bull Ring,Spielburg,Austria
1033,2020,3,11,Hungarian Grand Prix,19/07/2020,13:10:00,Hungaroring,Budapest,Hungary
1034,2020,4,9,British Grand Prix,02/08/2020,13:10:00,Silverstone Circuit,Silverstone,UK
1035,2020,5,9,70th Anniversary Grand Prix,09/08/2020,13:10:00,Silverstone Circuit,Silverstone,UK
1036,2020,6,4,Spanish Grand Prix,16/08/2020,13:10:00,Circuit de Barcelona-Catalunya,Montmeló,Spain
1037,2020,7,13,Belgian Grand Prix,30/08/2020,13:10:00,Circuit de Spa-Francorchamps,Spa,Belgium
1038,2020,8,14,Italian Grand Prix,06/09/2020,13:10:00,Autodromo Nazionale di Monza,Monza,Italy
1039,2020,9,76,Tuscan Grand Prix,13/09/2020,13:10:00,Autodromo Internazionale del Mugello,Mugello,Italy
1040,2020,10,71,Russian Grand Prix,27/09/2020,11:10:00,Sochi Autodrom,Sochi,Russia
1041,2020,11,20,Eifel Grand Prix,11/10/2020,13:10:00,Nürburgring,Nürburg,Germany
1042,2020,12,75,Portuguese Grand Prix,25/10/2020,12:10:00,Autódromo Internacional do Algarve,Portimão,Portugal
1043,2020,13,21,Emilia Romagna Grand Prix,01/11/2020,12:10:00,Autodromo Enzo e Dino Ferrari,Imola,Italy
1044,2020,14,5,Turkish Grand Prix,15/11/2020,10:10:00,Istanbul Park,Istanbul,Turkey
1045,2020,15,3,Bahrain Grand Prix,29/11/2020,14:10:00,Bahrain International Circuit,Sakhir,Bahrain
1046,2020,16,3,Sakhir Grand Prix,06/12/2020,17:10:00,Bahrain International Circuit,Sakhir,Bahrain
1047,2020,17,24,Abu Dhabi Grand Prix,13/12/2020,13:10:00,Yas Marina Circuit,Abu Dhabi,UAE
1053,2021,2,21,Emilia Romagna Grand Prix,18/04/2021,13:00:00,Autodromo Enzo e Dino Ferrari,Imola,Italy
1052,2021,1,3,Bahrain Grand Prix,28/03/2021,15:00:00,Bahrain International Circuit,Sakhir,Bahrain
1051,2021,21,1,Australian Grand Prix,21/11/2021,6:00:00,Albert Park Grand Prix Circuit,Melbourne,Australia
1054,2021,3,75,Portuguese Grand Prix,02/05/2021,14:00:00,Autódromo Internacional do Algarve,Portimão,Portugal
1055,2021,4,4,Spanish Grand Prix,09/05/2021,13:00:00,Circuit de Barcelona-Catalunya,Montmeló,Spain
1056,2021,5,6,Monaco Grand Prix,23/05/2021,13:00:00,Circuit de Monaco,Monte-Carlo,Monaco
1057,2021,6,73,Azerbaijan Grand Prix,06/06/2021,12:00:00,Baku City Circuit,Baku,Azerbaijan
1058,2021,8,70,Styrian Grand Prix,27/06/2021,13:00:00,Red Bull Ring,Spielburg,Austria
1059,2021,7,34,French Grand Prix,20/06/2021,13:00:00,Circuit Paul Ricard,Le Castellet,France
1060,2021,9,70,Austrian Grand Prix,04/07/2021,13:00:00,Red Bull Ring,Spielburg,Austria
1061,2021,10,9,British Grand Prix,18/07/2021,14:00:00,Silverstone Circuit,Silverstone,UK
1062,2021,11,11,Hungarian Grand Prix,01/08/2021,13:00:00,Hungaroring,Budapest,Hungary
1063,2021,12,13,Belgian Grand Prix,29/08/2021,13:00:00,Circuit de Spa-Francorchamps,Spa,Belgium
1064,2021,13,39,Dutch Grand Prix,05/09/2021,13:00:00,Circuit Park Zandvoort,Zandvoort,Netherlands
1065,2021,14,14,Italian Grand Prix,12/09/2021,13:00:00,Autodromo Nazionale di Monza,Monza,Italy
1066,2021,15,71,Russian Grand Prix,26/09/2021,12:00:00,Sochi Autodrom,Sochi,Russia
1067,2021,16,5,Turkish Grand Prix,03/10/2021,10:10:00,Istanbul Park,Istanbul,Turkey
1068,2021,17,22,Japanese Grand Prix,10/10/2021,5:00:00,Suzuka Circuit,Suzuka,Japan
1069,2021,18,69,United States Grand Prix,24/10/2021,19:00:00,Circuit of the Americas,Austin,USA
1070,2021,19,32,Mexico City Grand Prix,31/10/2021,19:00:00,Autódromo Hermanos Rodríguez,Mexico City,Mexico
1071,2021,20,18,Brazilian Grand Prix,07/11/2021,17:00:00,Autódromo José Carlos Pace,São Paulo,Brazil
1072,2021,22,77,Saudi Arabian Grand Prix,05/12/2021,16:00:00,Jeddah Street Circuit,Jeddah,Saudi Arabia
1073,2021,23,24,Abu Dhabi Grand Prix,12/12/2021,13:00:00,Yas Marina Circuit,Abu Dhabi,UAE